"centroid_id","five_spp_cpue_2020_std","five_spp_cpue_2020_std_sd","five_spp_cpue_2020_std_label","bathymetry_2020_std","bathymetry_2020_std_sd","bathymetry_2020_std_label","bottom_temperature_2020_std","bottom_temperature_2020_std_sd","bottom_temperature_2020_std_label","surface_net_primary_production_2020_std","surface_net_primary_production_2020_std_sd","surface_net_primary_production_2020_std_label","fishing_activity_hours_2020_std","fishing_activity_hours_2020_std_sd","fishing_activity_hours_2020_std_label","ship_density_route_2020_std","ship_density_route_2020_std_sd","ship_density_route_2020_std_label","bottom_salinity_2020_std","bottom_salinity_2020_std_sd","bottom_salinity_2020_std_label","bottom_dissolved_oxygen_2020_inv_std","bottom_dissolved_oxygen_2020_inv_std_sd","bottom_dissolved_oxygen_2020_inv_std_label","dumping_site_2020","dumping_site_2020_sd","dumping_site_2020_label","military_area_2020","military_area_2020_sd","military_area_2020_label","wind_farm_2020","wind_farm_2020_sd","wind_farm_2020_label","bedrock_seabed_2020","bedrock_seabed_2020_sd","bedrock_seabed_2020_label","hard_bottom_seabed_2020","hard_bottom_seabed_2020_sd","hard_bottom_seabed_2020_label","attention_level"
1,0.371164465754436,0.958001215404981,"H",1.04279288819051,0.517852419394432,"H",-1.02214508932711,0.121506698191208,"L",0.609028553457599,0.708672637167745,"H",5.03883706173793,1.55960473889689,"H",-0.158660998623357,0.243072471425648,"M",-0.534266497692665,0.148248272926633,"L",0.298379516824299,0.637177336705884,"M",0,0,"M",0.272727272727273,0.467099366496914,"H",0,0,"M",0,0,"M",0,0,"M","medium attention"
2,2.64487396659883,0.835286778174422,"H",-1.00054229396338,0.283395598593811,"L",1.02910298654124,0.494564438964056,"H",0.64393519725295,0.785885664711571,"H",-0.212914215976636,0.447046682117487,"M",-0.0919989122792114,0.790191801243292,"H",0.122492186174327,1.02830894539366,"M",-0.577928789421723,0.292331698744177,"L",0,0,"M",0,0,"M",0,0,"M",0.0588235294117647,0.242535625036333,"H",0.0588235294117647,0.242535625036333,"H","high attention"
3,-0.192177449374445,0.330078084299309,"M",0.17618888536514,0.42024831488097,"M",-0.557516415148796,0.601121716405927,"L",-0.0673782258173512,0.330513897814305,"M",1.79415390447117,0.712717733448866,"H",-0.299777419124453,0.103787493874563,"M",-0.577680185476205,0.185753520217342,"L",-0.274338992766633,0.365055134570576,"M",0.087719298245614,0.285400830561533,"H",0.0526315789473684,0.225281778444791,"H",0.175438596491228,0.38372269644813,"H",0,0,"M",0.0701754385964912,0.257713096485706,"H","medium attention"
4,6.37022798995767,2.03816236313573,"H",0.635799927567397,0.764601326736396,"M",-0.536642278804002,0.866761491040378,"L",-0.120097649809407,0.150792949190619,"M",-0.0502954245186539,0.71638311248986,"M",0.191677991503796,1.35147954083412,"H",-0.0712652391908302,0.689360541808903,"M",0.323014436345619,0.458251116971964,"M",0.0555555555555556,0.235702260395516,"H",0.111111111111111,0.323380833381777,"H",0,0,"M",0,0,"M",0,0,"M","medium attention"
5,0.872187541261413,0.51647560941779,"H",1.35691458938481,0.315315654147402,"H",-0.284836080464991,0.2154879027116,"L",-0.251888361089227,0.0699527427336625,"L",0.331416212890793,0.456684775289114,"H",-0.255352180219893,0.269752683757938,"M",0.160770827964009,0.168046530005197,"M",1.27493385964823,0.37678665733798,"H",0.91044776119403,0.287694244451234,"H",0.73134328358209,0.446606380562069,"H",0,0,"M",0,0,"M",0,0,"M","high attention"
6,-0.0686744271642098,0.354188903475081,"M",-0.264899844181321,0.324098472058243,"L",-0.384309914889627,0.377515716840914,"L",-0.214029358714074,0.157151112601729,"M",-0.275071298989832,0.320522232821496,"M",-0.293867425155671,0.153402426323779,"M",-0.736065676400014,0.113518882981498,"L",-0.674606506972901,0.180886185713368,"L",0.0273972602739726,0.164367705983163,"H",1,0,"H",0.0273972602739726,0.164367705983163,"H",0,0,"M",0,0,"M","medium attention"
7,-0.449195090906561,0.348891326343092,"L",1.10318106361122,0.333193903208739,"H",-1.38803033533011,0.378425937747273,"L",-0.313971877387657,0.0519437928369002,"L",-0.411293258101916,0.151248892616093,"M",-0.244108229493461,0.269492773715254,"M",-0.482087361659539,0.136206601473873,"L",1.11302147017516,0.31209562897612,"H",0.0537634408602151,0.226772793679597,"H",0.010752688172043,0.103695169473043,"H",0,0,"M",0,0,"M",0,0,"M","medium attention"
8,-0.016848907030274,0.363968930328326,"M",-0.776518422382784,0.145219375171354,"L",1.03039520765035,0.241256574145418,"H",-0.134591343091217,0.147552117115916,"M",0.00826605778297309,0.428501540278874,"H",-0.215413115839774,0.228457224434617,"M",0.771933536435717,0.145994087655681,"H",-0.133920443973656,0.363033396813565,"M",0.0222222222222222,0.149071198499986,"H",0.622222222222222,0.4903101471559,"H",0,0,"M",0,0,"M",0,0,"M","medium attention"
9,-0.324894472190027,0.221745345443831,"L",-0.953100234498265,0.306394887900044,"L",1.3281965438199,0.153610566209738,"H",-0.0128006913445253,0.195971967898396,"H",-0.404571538261066,0.192730799928528,"M",-0.162653430925475,0.39651950599635,"M",0.0127087151015472,0.347272733346262,"M",-0.665826218447325,0.115936776438597,"L",0,0,"M",0,0,"M",0,0,"M",0,0,"M",1,0,"H","medium attention"
10,-0.19193180289151,0.303210177584252,"M",-0.798393822705046,0.218567865211345,"L",0.442480611307835,0.336679288086559,"M",0.137062080312171,0.285337314108531,"H",-0.356276204287367,0.271239173745177,"M",-0.302402895581048,0.151279086000044,"M",-0.788772707393198,0.0843914266408569,"L",-0.817881798836242,0.0892434927031961,"L",0.015748031496063,0.124992188232346,"H",0.188976377952756,0.393040315888537,"H",0.031496062992126,0.175345820396178,"H",0.0236220472440945,0.152469977743934,"H",0,0,"M","medium attention"
11,-0.338261113171,0.0325517730220818,"L",-1.39860475389291,0.0210577983566813,"L",1.14732436700709,0.0745012455949055,"H",9.13455149719487,0.432343382999274,"H",-0.521591502617178,0,"L",-0.392866438435991,0.0129069232284572,"L",-1.75679517533755,0.12810664434629,"L",-1.01894441346941,0.0302437149693325,"L",0,0,"M",0,0,"M",0,0,"M",0,0,"M",0,0,"M","low attention"
12,-0.574355237279628,0.0941511029334862,"L",2.50465845588619,0.403384042755795,"H",-1.14606469490436,0.158566712259823,"L",-0.414962928933581,0.0132177775633219,"L",-0.492180514199573,0.0527048326791427,"L",-0.246121848801043,0.287637684961394,"M",-0.284071648256281,0.0525760327035343,"M",3.27485340638465,0.661933204630706,"H",0.408163265306122,0.496586990824148,"H",0.102040816326531,0.305838870920598,"H",0.0612244897959184,0.242226070825902,"H",0,0,"M",0,0,"M","high attention"
13,-0.366150467928685,0.316966747354055,"L",0.391967629142544,0.285420677223401,"M",-1.53753788876016,0.26500988318075,"L",-0.322549488387036,0.072186916581387,"L",-0.37796055856535,0.262421269884579,"M",-0.162033166495116,0.462824619963645,"M",-0.6909526762736,0.0925410739413955,"L",-0.00916677509305735,0.326606101219447,"M",0.0840336134453782,0.278611324333743,"H",0.0588235294117647,0.23628902321632,"H",0.00840336134453781,0.0916698497028211,"H",0,0,"M",0.0336134453781513,0.180994105590121,"H","medium attention"
14,-0.534779545353859,0.136550542302437,"L",1.74762789635527,0.357551713651042,"H",-1.06327150148474,0.228045427396522,"L",-0.274067768867143,0.126042012801417,"L",-0.136533968720068,0.450829924850086,"M",-0.262557873557683,0.153638753279107,"M",-0.345268544468468,0.0712492644819862,"L",2.05013797855218,0.388352993100058,"H",0.126050420168067,0.333309594179129,"H",0.0252100840336134,0.157425520401623,"H",0,0,"M",0,0,"M",0,0,"M","medium attention"
15,-0.101545216479273,0.364006597404763,"M",-0.901186442617198,0.184260218278714,"L",1.22585490392214,0.200382426103471,"H",-0.0813334030775625,0.0811174244675691,"M",0.100135246487295,0.505470124539132,"H",-0.307415014355823,0.109211300212138,"M",0.555990663793142,0.181835158136335,"H",-0.420268643218957,0.167707471666308,"L",0,0,"M",0.8,0.421637021355784,"H",0,0,"M",0,0,"M",1,0,"H","medium attention"
16,-0.366672199500305,0.188929777930487,"L",-0.346285040778692,0.302797837099545,"L",-0.521986957135379,0.412980271538218,"L",-0.151036559646882,0.163679938612688,"M",-0.375323655809029,0.199939193756366,"M",-0.242728552057908,0.297285900558854,"M",-0.803014181174898,0.125412651409424,"L",-0.744636998627842,0.175947928185538,"L",0.027027027027027,0.164398987305357,"H",0.243243243243243,0.43495883620084,"H",0.108108108108108,0.314800093867678,"H",0,0,"M",1,0,"H","low attention"
17,-0.309974440576853,0.173628764309336,"L",-1.10969582293999,0.157187355488301,"L",1.17621390752698,0.140814122958183,"H",-0.20068347635597,0.178306486338283,"M",-0.474751663175676,0.0909023545418078,"L",-0.295472760821949,0.206263489615832,"M",1.43859151174922,0.297230346463469,"H",-0.543810245978891,0.112435378551248,"L",0.00980392156862745,0.0990147542976674,"H",0.0294117647058824,0.16979208910779,"H",0.147058823529412,0.355913517794839,"H",0,0,"M",0,0,"M","high attention"
18,-0.210138461708565,0.319594785233659,"M",-0.688058865409128,0.233464880557624,"L",0.894243449106435,0.212280173000178,"M",-0.306037040213378,0.1078549071435,"L",-0.219550689997976,0.374268671698717,"M",-0.0818439347844209,0.423582574057828,"H",2.04161719230453,0.26593582041267,"H",-0.299834116991632,0.12719135090963,"M",0,0,"M",0.00952380952380952,0.0975900072948533,"H",0.0285714285714286,0.167397664326531,"H",0,0,"M",0,0,"M","medium attention"
19,-0.330855607252269,0.162999025529099,"L",-0.990530929282726,0.190903071146397,"L",1.09464457270421,0.165927219402085,"H",-0.193559761983971,0.251419292621186,"M",-0.380509522756674,0.300706431260935,"M",-0.256628315534708,0.246905096001752,"M",1.57495361210851,0.3498678884841,"H",-0.479558273842261,0.138320054194118,"L",0,0,"M",0,0,"M",0.0384615384615385,0.196116135138184,"H",0,0,"M",1,0,"H","medium attention"
20,0.57851215466704,0.807553323101414,"H",1.04606959282039,0.462626437768739,"H",-0.389813289932663,0.53506288243585,"L",-0.106413134036473,0.261217335422009,"M",1.90707654704845,0.634533820581805,"H",-0.11008888314098,0.357369750062508,"H",-0.20277559324437,0.166554537474498,"M",0.839142534229028,0.48809102580295,"H",0.27027027027027,0.450225168890748,"H",0.162162162162162,0.373683876611822,"H",0,0,"M",0,0,"M",0,0,"M","high attention"
21,3.4635081029063,0.728956045136627,"H",0.761682553425619,0.613405166242089,"H",-0.77023455301495,0.354060563934575,"L",-0.142230635302295,0.201501902656325,"M",-0.0142874044196186,0.486871598429511,"H",-0.262573273776306,0.151684831568169,"M",-0.384350310855934,0.237313919829848,"L",0.169463511245441,0.544742024798839,"M",0.0689655172413793,0.257880714777564,"H",0.0344827586206897,0.185695338177052,"H",0,0,"M",0,0,"M",0.103448275862069,0.309934046694603,"H","high attention"
22,-0.306363388458445,0.20800665452317,"L",-0.0285841371317802,0.287097406813743,"M",-0.957052786343897,0.442073608852243,"L",-0.266595644147907,0.0832846169609162,"L",-0.407180966012574,0.178494268343467,"M",-0.292000682813903,0.169992824633186,"M",-0.750676212309477,0.144219141784545,"L",-0.555311516306117,0.302464271316948,"L",0.102564102564103,0.307354740604728,"H",0.102564102564103,0.307354740604728,"H",1,0,"H",0,0,"M",0,0,"M","medium attention"
23,-0.435370714682078,0.106940890471179,"L",-1.26459893919714,0.0783908743373304,"L",1.30481290656811,0.17690888417344,"H",0.958652950864694,0.54387376872915,"H",-0.495867925311942,0.0465870052426702,"L",-0.377492015178564,0.0439645221097932,"L",1.03814958865781,0.39622628436067,"H",-0.661255375394134,0.070710947030248,"L",0,0,"M",0,0,"M",0,0,"M",0,0,"M",0.0833333333333333,0.288675134594813,"H","low attention"
24,0.0406346605380932,0.585707069800708,"H",-0.791277139249024,0.374791844471201,"L",0.468779141687593,0.451622300989024,"M",1.6155713365775,0.597627424204276,"H",-0.447786815498315,0.112570649106433,"L",-0.325130399179195,0.103732339135335,"M",-0.877026785813149,0.0815900775105703,"L",-0.811999930348223,0.103042729488795,"L",0,0,"M",0,0,"M",0,0,"M",0,0,"M",0.533333333333333,0.516397779494322,"H","medium attention"
25,-0.289424130468526,0.210819420888942,"M",-0.183877479185115,0.250993258554901,"M",-0.816265968510517,0.336974902217053,"L",-0.224150491549489,0.163532738317471,"M",-0.381004319459983,0.239739519949113,"M",-0.208103027175861,0.362401230128751,"M",-0.791926645538586,0.0928923815418903,"L",-0.66349686782576,0.186936550181246,"L",0.0909090909090909,0.288942798198532,"H",0,0,"M",0,0,"M",0,0,"M",0,0,"M","medium attention"
26,0.1772390768212,0.291755106459476,"H",-0.0583375277123592,0.173878865021612,"M",0.879151915233584,0.134832012018597,"M",-0.126916844568975,0.0805025922986766,"M",-0.281449931571646,0.339907199498971,"M",-0.127371027626626,0.301910616928125,"H",-0.0293500991752142,0.242902671664942,"M",-0.269675668676868,0.210003853877861,"M",0.02,0.14142135623731,"H",0.48,0.504672049504448,"H",0.26,0.443087497693452,"H",0,0,"M",0.02,0.14142135623731,"H","medium attention"
27,-0.272052153633694,0.319135195408275,"M",-1.02638799360287,0.221065917135149,"L",1.307493351144,0.174825489065548,"H",0.0799672079398431,0.218669973659042,"H",-0.47667969947085,0.0801789616972794,"L",-0.254469120757621,0.236816137327547,"M",-0.108491415968731,0.349194590663004,"M",-0.698375159193907,0.0896434956711782,"L",0.0579710144927536,0.235400657891435,"H",0.0144927536231884,0.120385853085769,"H",0.101449275362319,0.304134622679994,"H",0,0,"M",0,0,"M","medium attention"
28,-0.416487995654086,0.16542921659257,"L",-1.09886232197575,0.148038418623868,"L",1.16631942755489,0.268779252976514,"H",1.57379977751491,0.516385753118136,"H",-0.380690209660426,0.191285486359925,"M",-0.0864014461501457,0.524901154166351,"H",-0.762175243873725,0.140590339880908,"L",-0.801635453291221,0.0845392180402852,"L",0,0,"M",0.196078431372549,0.400979193631652,"H",0,0,"M",0,0,"M",0,0,"M","medium attention"
29,-0.430033171556221,0.101101221031771,"L",-0.055321782640843,0.434204498637135,"M",0.496417663886902,0.270896765072047,"M",-0.402781577747771,0.0400297102326826,"L",3.8335656191602,0.96555135501022,"H",0.599258380904391,1.36100439194914,"H",2.42348107713962,0.0916502475893534,"H",-0.243912633230463,0.126027178207234,"M",0,0,"M",0.0222222222222222,0.149071198499986,"H",0.244444444444444,0.434613493680177,"H",0,0,"M",0.111111111111111,0.317820863081864,"H","high attention"
30,-0.0359822336321005,0.459695326348673,"M",0.826397879298092,0.268697889167066,"H",-0.246001641491627,0.357568170807767,"L",-0.27935348287973,0.0301076892022639,"L",-0.0858690807987929,0.380261962125492,"M",-0.106934704309769,0.432525062118347,"H",-0.0929658983120019,0.174799475556971,"M",0.570691265005801,0.391751352184164,"H",0.392857142857143,0.491318784518416,"H",0.285714285714286,0.454467212793512,"H",0.178571428571429,0.385293325459601,"H",0,0,"M",0.0238095238095238,0.153370994900858,"H","high attention"
31,0.53929622427317,1.68205204546119,"H",-0.533649894827482,0.566206099384841,"L",0.93911362448598,0.378340415837007,"M",-0.160349636616132,0.204733153926265,"M",-0.0443122741480456,0.992716666115925,"M",6.25732222355686,1.63286942104478,"H",0.985003184567967,0.873604690970862,"H",-0.328607880493017,0.319052492343966,"M",0.0454545454545455,0.21320071635561,"H",0.181818181818182,0.394771016975861,"H",0,0,"M",0,0,"M",0.227272727272727,0.428932027228889,"H","medium attention"
32,-0.413805377028783,0.0759141227176474,"L",-1.23090754321431,0.078326266828945,"L",1.40271055285241,0.107906083675944,"H",3.90649511308087,0.606449899628936,"H",-0.494858164966618,0.0395717613393025,"L",-0.315045283676175,0.130935995969618,"M",-0.923267548815664,0.273232236665271,"L",-0.855286975181292,0.0313803365955773,"L",0,0,"M",0,0,"M",0,0,"M",0,0,"M",0.0833333333333333,0.288675134594813,"H","medium attention"
33,-0.0491975491432612,0.320074193996466,"M",-0.499415840313265,0.411564626846789,"L",0.862540217933863,0.453872620649766,"M",-0.0530078461968344,0.181489941903597,"M",-0.317637524446171,0.258841869702899,"M",1.24161713426542,0.429224894987128,"H",-0.106771678617254,0.515095050423138,"M",-0.514576267425337,0.300791980184629,"L",0.0217391304347826,0.147441956154897,"H",0.260869565217391,0.443961089821352,"H",0.0869565217391304,0.284884924644768,"H",0,0,"M",0.0652173913043478,0.249637418228338,"H","medium attention"
34,-0.377485241939512,0.180823931725812,"L",-0.35445874940983,0.438630180142965,"L",0.679107449842229,0.281708909017148,"M",-0.384707381379511,0.0663064776047026,"L",1.8836617692405,0.596817772658371,"H",0.0248403579660854,0.650415286842442,"H",2.32283423193372,0.214047010778221,"H",-0.290018024789988,0.12862461555106,"M",0,0,"M",0.0263157894736842,0.162221421130763,"H",0.157894736842105,0.369537021476632,"H",0,0,"M",0.105263157894737,0.311011747775905,"H","high attention"
35,-0.103553098334992,0.367782557998599,"M",-0.886496833137017,0.204392092956971,"L",0.564387019183856,0.330098997231464,"M",0.0646531263449556,0.281411527171392,"H",-0.433649105096497,0.178092836928871,"L",-0.328015476136145,0.107051694448598,"L",-0.827422221456022,0.0824679856087197,"L",-0.868103039890339,0.0520278390006757,"L",0,0,"M",0.4,0.49827287912244,"H",0.1,0.305128576629365,"H",0,0,"M",1,0,"H","low attention"
36,0.119479224581407,0.681756325245608,"H",-0.131702362182705,0.658386825679657,"M",0.392985798572794,0.840338604446491,"M",-0.178744594257742,0.263542810023047,"M",-0.0186649256758861,0.699340244327047,"H",3.18820369976153,0.704944926464889,"H",0.353586896782565,0.913603916912047,"H",-0.142045530806539,0.403364692376991,"M",0.125,0.334218682391596,"H",0.104166666666667,0.308709278188584,"H",0.104166666666667,0.308709278188584,"H",0,0,"M",0.104166666666667,0.308709278188584,"H","high attention"
37,1.32242322550125,0.543400082158485,"H",-0.0170718186243528,0.428681227226419,"M",-0.427787502203867,0.488583752788258,"L",-0.0773422854806855,0.348816629415245,"M",-0.185955022590235,0.345958721339146,"M",-0.251880733983541,0.235389859563139,"M",-0.622365188585134,0.191538624944604,"L",-0.469963515935198,0.362446038640726,"L",0,0,"M",0.0363636363636364,0.188918595406158,"H",0.2,0.403686713879666,"H",0,0,"M",0.163636363636364,0.37335497772755,"H","medium attention"
