"longitude","latitude","reconstruction_log_probability","percentile"
14.67765369,55.04932413,-13.0202751159668,"0-25"
14.57765369,54.94932413,-8.19412517547607,"0-25"
14.67765369,54.94932413,-8.68961048126221,"0-25"
12.87765369,55.54932413,-8.58427047729492,"0-25"
19.57765369,56.04932413,-5.23273181915283,"25-50"
14.27765369,54.74932413,-6.79857873916626,"0-25"
20.27765369,55.44932413,-5.23615598678589,"25-50"
10.77765369,54.44932413,-6.5843653678894,"0-25"
10.97765369,54.44932413,-5.21670913696289,"25-50"
16.67765369,54.94932413,-4.96070766448975,"25-50"
14.47765369,53.74932413,-6.10020923614502,"0-25"
18.17765369,56.14932413,-5.37058258056641,"0-25"
20.27765369,55.34932413,-5.17131853103638,"25-50"
20.17765369,55.34932413,-5.24966859817505,"25-50"
10.87765369,54.44932413,-6.66735601425171,"0-25"
20.37765369,55.34932413,-5.11568021774292,"25-50"
10.47765369,56.84932413,-5.19130182266235,"25-50"
10.57765369,56.74932413,-5.17502737045288,"25-50"
10.47765369,56.74932413,-5.36599111557007,"25-50"
20.37765369,55.24932413,-5.18318843841553,"25-50"
20.37765369,55.44932413,-5.23779296875,"25-50"
20.47765369,55.34932413,-5.18592119216919,"25-50"
10.47765369,56.64932413,-5.40779829025269,"0-25"
16.77765369,54.94932413,-4.98923063278198,"25-50"
20.47765369,55.24932413,-5.07425498962402,"25-50"
12.57765369,55.24932413,-5.05740928649902,"25-50"
12.57765369,55.34932413,-5.1017107963562,"25-50"
12.27765369,55.14932413,-5.04021263122559,"25-50"
10.07765369,54.74932413,-5.76912832260132,"0-25"
20.47765369,55.44932413,-5.28219556808472,"25-50"
16.47765369,54.74932413,-7.38604354858398,"0-25"
20.57765369,55.04932413,-5.46356916427612,"0-25"
14.47765369,54.94932413,-5.05991220474243,"25-50"
10.87765369,55.24932413,-5.3168740272522,"25-50"
12.67765369,55.24932413,-5.09064149856567,"25-50"
12.87765369,55.14932413,-5.42269992828369,"0-25"
20.57765369,55.34932413,-5.10295009613037,"25-50"
11.87765369,57.24932413,-6.51855182647705,"0-25"
20.77765369,56.44932413,-6.73442506790161,"0-25"
12.07765369,54.54932413,-5.04573631286621,"25-50"
12.17765369,54.64932413,-5.13157224655151,"25-50"
11.87765369,54.44932413,-5.19477844238281,"25-50"
12.67765369,55.14932413,-5.16602373123169,"25-50"
12.47765369,55.54932413,-5.25470066070557,"25-50"
15.57765369,54.24932413,-5.48729610443115,"0-25"
12.67765369,55.04932413,-5.11438846588135,"25-50"
10.07765369,54.54932413,-7.05149126052856,"0-25"
11.77765369,54.44932413,-6.96936893463135,"0-25"
10.97765369,56.74932413,-5.26291465759277,"25-50"
10.07765369,54.64932413,-7.07092428207397,"0-25"
10.97765369,54.94932413,-7.24522304534912,"0-25"
11.07765369,55.04932413,-5.21540880203247,"25-50"
12.77765369,54.94932413,-5.32101011276245,"25-50"
20.97765369,55.74932413,-5.4390664100647,"0-25"
12.97765369,55.14932413,-5.3491644859314,"25-50"
11.57765369,57.34932413,-7.02802038192749,"0-25"
12.17765369,54.74932413,-5.11440896987915,"25-50"
20.87765369,55.34932413,-5.08242607116699,"25-50"
12.27765369,54.84932413,-5.11825084686279,"25-50"
10.37765369,56.14932413,-5.24069881439209,"25-50"
10.27765369,56.14932413,-5.37051486968994,"0-25"
12.57765369,55.04932413,-5.08292579650879,"25-50"
12.87765369,54.94932413,-5.37272882461548,"0-25"
11.27765369,54.04932413,-5.32358837127686,"25-50"
11.17765369,54.24932413,-7.16054439544678,"0-25"
12.57765369,54.94932413,-5.0523362159729,"25-50"
14.37765369,54.84932413,-5.23856353759766,"25-50"
20.67765369,55.24932413,-4.98345518112183,"25-50"
20.87765369,55.44932413,-6.62749528884888,"0-25"
18.07765369,55.04932413,-5.54526853561401,"0-25"
17.97765369,54.94932413,-5.30119323730469,"25-50"
11.07765369,54.94932413,-5.04676723480225,"25-50"
17.47765369,55.54932413,-7.5700626373291,"0-25"
10.07765369,55.64932413,-5.20624494552612,"25-50"
10.77765369,56.94932413,-5.12596225738525,"25-50"
20.97765369,55.84932413,-5.32677268981934,"25-50"
20.87765369,56.44932413,-6.68991994857788,"0-25"
11.67765369,56.94932413,-6.11525058746338,"0-25"
12.27765369,54.44932413,-5.2202672958374,"25-50"
20.37765369,55.94932413,-7.62669134140015,"0-25"
14.97765369,55.44932413,-9.4579496383667,"0-25"
11.07765369,55.24932413,-7.25853776931763,"0-25"
10.47765369,57.04932413,-5.36796045303345,"0-25"
9.677653694,55.44932413,-5.5755352973938,"0-25"
10.87765369,56.94932413,-5.29664707183838,"25-50"
20.87765369,56.34932413,-6.72575950622559,"0-25"
18.07765369,54.94932413,-5.42213439941406,"0-25"
10.77765369,55.44932413,-5.2847695350647,"25-50"
10.57765369,54.84932413,-5.46832847595215,"0-25"
11.07765369,55.44932413,-5.26757049560547,"25-50"
11.17765369,55.04932413,-5.05612802505493,"25-50"
20.97765369,55.94932413,-5.31825494766235,"25-50"
11.27765369,56.44932413,-5.44148731231689,"0-25"
14.47765369,54.74932413,-5.27034616470337,"25-50"
20.97765369,56.04932413,-5.33358383178711,"25-50"
11.87765369,56.44932413,-9.1932201385498,"0-25"
20.87765369,56.14932413,-5.24900197982788,"25-50"
20.67765369,56.24932413,-6.71324586868286,"0-25"
10.87765369,54.84932413,-7.32852506637573,"0-25"
20.67765369,55.94932413,-5.24352169036865,"25-50"
20.87765369,56.04932413,-5.1517333984375,"25-50"
20.77765369,56.24932413,-6.67083501815796,"0-25"
11.37765369,56.74932413,-5.02191781997681,"25-50"
20.77765369,56.14932413,-5.15430068969727,"25-50"
17.37765369,55.54932413,-7.57244682312012,"0-25"
10.97765369,54.84932413,-6.60923719406128,"0-25"
20.77765369,56.04932413,-5.23428440093994,"25-50"
11.57765369,56.54932413,-6.28620386123657,"0-25"
11.57765369,56.24932413,-5.4278998374939,"0-25"
11.47765369,56.64932413,-5.59885358810425,"0-25"
20.67765369,56.34932413,-6.81792831420898,"0-25"
18.17765369,54.84932413,-5.18798732757568,"25-50"
13.17765369,54.94932413,-5.48767948150635,"0-25"
11.47765369,54.54932413,-5.33243322372437,"25-50"
20.57765369,55.94932413,-7.98221397399902,"0-25"
11.87765369,56.74932413,-8.50567626953125,"0-25"
11.47765369,55.04932413,-5.11278390884399,"25-50"
11.57765369,54.94932413,-5.06476306915283,"25-50"
14.47765369,54.84932413,-7.61436986923218,"0-25"
14.37765369,54.74932413,-5.12318897247314,"25-50"
11.67765369,54.94932413,-5.05163335800171,"25-50"
11.67765369,55.04932413,-5.06220865249634,"25-50"
11.27765369,54.24932413,-7.27708435058594,"0-25"
11.17765369,56.44932413,-5.32300281524658,"25-50"
11.17765369,54.34932413,-7.21073198318481,"0-25"
10.87765369,55.84932413,-6.92952823638916,"0-25"
11.07765369,56.34932413,-5.6727499961853,"0-25"
20.47765369,55.94932413,-7.57314682006836,"0-25"
11.07765369,56.64932413,-5.21437978744507,"25-50"
10.97765369,54.54932413,-7.5736083984375,"0-25"
11.37765369,57.24932413,-7.07945919036865,"0-25"
11.87765369,56.24932413,-5.34548759460449,"25-50"
18.27765369,54.84932413,-5.14690399169922,"25-50"
20.57765369,56.04932413,-5.12240076065063,"25-50"
11.17765369,55.44932413,-5.12545347213745,"25-50"
11.27765369,57.04932413,-7.48023176193237,"0-25"
15.37765369,54.44932413,-5.90357732772827,"0-25"
11.27765369,54.64932413,-5.38330078125,"0-25"
15.27765369,54.44932413,-8.19376277923584,"0-25"
15.17765369,54.44932413,-8.00817775726318,"0-25"
10.87765369,54.64932413,-6.14833641052246,"0-25"
10.87765369,54.74932413,-6.02809762954712,"0-25"
16.87765369,54.94932413,-5.08989524841309,"25-50"
11.77765369,56.24932413,-5.13101291656494,"25-50"
20.47765369,56.04932413,-7.42837238311768,"0-25"
16.67765369,55.24932413,-7.22079610824585,"0-25"
11.17765369,54.64932413,-5.54359436035156,"0-25"
10.97765369,55.54932413,-5.26968288421631,"25-50"
11.27765369,57.24932413,-5.56793689727783,"0-25"
14.57765369,55.24932413,-8.59974098205566,"0-25"
11.37765369,57.44932413,-8.45093536376953,"0-25"
16.17765369,54.54932413,-5.55089235305786,"0-25"
15.07765369,54.14932413,-5.75429725646973,"0-25"
14.47765369,55.24932413,-7.64899635314941,"0-25"
11.27765369,57.34932413,-6.83483219146729,"0-25"
14.67765369,55.34932413,-7.38091850280762,"0-25"
14.07765369,55.24932413,-5.68086290359497,"0-25"
14.87765369,55.24932413,-5.32272863388062,"25-50"
19.87765369,54.74932413,-5.40227794647217,"0-25"
17.97765369,55.04932413,-5.69879627227783,"0-25"
18.57765369,54.84932413,-7.38156890869141,"0-25"
17.77765369,55.64932413,-8.27888870239258,"0-25"
17.87765369,54.94932413,-5.7449312210083,"0-25"
17.97765369,55.14932413,-6.07975435256958,"0-25"
18.37765369,54.94932413,-5.79730319976807,"0-25"
17.77765369,54.94932413,-5.57041120529175,"0-25"
17.87765369,55.04932413,-5.96284866333008,"0-25"
16.77765369,56.44932413,-7.29940605163574,"0-25"
14.67765369,55.94932413,-6.87365531921387,"0-25"
17.87765369,55.14932413,-6.22597932815552,"0-25"
16.67765369,56.44932413,-6.82812738418579,"0-25"
15.77765369,55.64932413,-10.5376482009888,"0-25"
18.57765369,54.54932413,-6.10883712768555,"0-25"
17.77765369,55.14932413,-6.34095048904419,"0-25"
18.17765369,56.24932413,-5.14995813369751,"25-50"
17.67765369,55.14932413,-6.14166021347046,"0-25"
14.57765369,55.94932413,-6.98197221755981,"0-25"
16.07765369,54.74932413,-6.21009540557861,"0-25"
14.47765369,55.94932413,-6.91406583786011,"0-25"
15.67765369,55.74932413,-5.89216804504395,"0-25"
15.57765369,56.04932413,-6.7140040397644,"0-25"
15.87765369,56.04932413,-6.76032400131226,"0-25"
15.77765369,55.94932413,-7.58143901824951,"0-25"
15.77765369,55.84932413,-5.44884204864502,"0-25"
15.87765369,55.94932413,-6.72526407241821,"0-25"
16.67765369,56.34932413,-5.39297389984131,"0-25"
15.47765369,56.04932413,-6.75599145889282,"0-25"
15.97765369,56.04932413,-6.82359838485718,"0-25"
12.67765369,55.64932413,-8.69828605651855,"0-25"
16.37765369,55.94932413,-5.7781023979187,"0-25"
16.57765369,56.24932413,-5.04524755477905,"25-50"
16.47765369,56.14932413,-6.57767677307129,"0-25"
16.17765369,56.14932413,-6.69656372070312,"0-25"
16.07765369,56.24932413,-6.53244256973267,"0-25"
16.17765369,56.34932413,-5.03996610641479,"25-50"
16.57765369,54.84932413,-2.75478434562683,"75-100"
20.07765369,55.44932413,-3.51285600662231,"50-75"
14.17765369,54.34932413,-4.60655403137207,"25-50"
14.07765369,54.34932413,-4.86472988128662,"25-50"
14.17765369,54.44932413,-4.51706504821777,"25-50"
13.97765369,54.34932413,-4.87529993057251,"25-50"
14.27765369,54.54932413,-4.56547403335571,"25-50"
14.37765369,54.44932413,-2.78306794166565,"75-100"
14.27765369,54.44932413,-4.40869426727295,"25-50"
14.07765369,54.24932413,-5.16604852676392,"25-50"
14.27765369,54.34932413,-4.51351404190063,"25-50"
14.17765369,54.24932413,-4.98276710510254,"25-50"
16.47765369,54.84932413,-2.84272527694702,"75-100"
14.37765369,54.34932413,-2.80961227416992,"75-100"
14.17765369,54.14932413,-3.8537802696228,"50-75"
13.97765369,54.54932413,-4.76766204833984,"25-50"
17.37765369,54.94932413,-2.88207244873047,"75-100"
17.17765369,54.94932413,-2.78981137275696,"75-100"
17.27765369,54.94932413,-2.87695384025574,"75-100"
16.57765369,54.94932413,-2.69652676582336,"75-100"
14.57765369,54.54932413,-3.01144027709961,"75-100"
14.57765369,54.34932413,-2.96123218536377,"75-100"
20.17765369,55.44932413,-3.16914582252502,"75-100"
14.47765369,54.24932413,-2.93420076370239,"75-100"
14.37765369,54.14932413,-3.41395020484924,"50-75"
14.37765369,54.24932413,-3.00623989105225,"75-100"
14.27765369,54.24932413,-3.19125509262085,"75-100"
14.27765369,54.14932413,-3.44178509712219,"50-75"
14.27765369,54.04932413,-3.29415011405945,"75-100"
14.37765369,54.04932413,-3.48576235771179,"50-75"
14.27765369,53.94932413,-3.86666893959045,"50-75"
14.57765369,54.44932413,-2.81674122810364,"75-100"
14.17765369,54.04932413,-3.87023019790649,"50-75"
14.07765369,54.14932413,-3.57594418525696,"50-75"
14.37765369,53.94932413,-3.28238558769226,"75-100"
14.47765369,54.14932413,-3.32268261909485,"75-100"
14.47765369,54.34932413,-2.85700106620789,"75-100"
14.47765369,54.04932413,-3.68340015411377,"50-75"
14.67765369,54.34932413,-2.87700438499451,"75-100"
14.67765369,54.54932413,-3.05862402915955,"75-100"
18.77765369,54.44932413,-3.61375594139099,"50-75"
14.57765369,54.24932413,-2.95115995407104,"75-100"
18.27765369,56.04932413,-3.66357398033142,"50-75"
18.27765369,56.24932413,-3.05778551101685,"75-100"
13.97765369,54.24932413,-5.10838747024536,"25-50"
13.97765369,54.44932413,-5.00271987915039,"25-50"
10.67765369,54.94932413,-2.74253392219543,"75-100"
14.67765369,54.44932413,-3.04367518424988,"75-100"
14.07765369,54.44932413,-4.84186220169067,"25-50"
14.17765369,54.54932413,-4.53438997268677,"25-50"
20.27765369,55.54932413,-3.28201580047607,"75-100"
13.97765369,54.14932413,-3.60844540596008,"50-75"
14.57765369,54.14932413,-3.25536060333252,"75-100"
13.97765369,54.04932413,-5.41182899475098,"0-25"
12.97765369,54.64932413,-2.94933938980103,"75-100"
12.97765369,54.44932413,-3.29901242256165,"75-100"
12.87765369,54.54932413,-2.93922090530396,"75-100"
12.97765369,54.54932413,-3.03263998031616,"75-100"
10.47765369,56.94932413,-2.99991726875305,"75-100"
10.57765369,56.94932413,-2.91926097869873,"75-100"
10.67765369,56.84932413,-2.93138337135315,"75-100"
10.37765369,56.84932413,-3.07725191116333,"75-100"
10.57765369,56.64932413,-3.05403733253479,"75-100"
10.77765369,56.84932413,-5.31008243560791,"25-50"
10.37765369,56.74932413,-3.23221230506897,"75-100"
15.77765369,54.34932413,-3.18154096603394,"75-100"
20.57765369,55.44932413,-3.04494094848633,"75-100"
14.57765369,54.04932413,-3.89311671257019,"50-75"
13.87765369,54.44932413,-3.32635307312012,"75-100"
20.27765369,55.24932413,-3.56665754318237,"50-75"
16.67765369,55.04932413,-2.93629860877991,"75-100"
16.67765369,54.84932413,-2.80827164649963,"75-100"
14.37765369,54.54932413,-3.0979151725769,"75-100"
20.37765369,55.54932413,-3.38986158370972,"50-75"
16.57765369,54.74932413,-4.619704246521,"25-50"
14.07765369,54.54932413,-4.60935211181641,"25-50"
13.07765369,54.44932413,-3.54331684112549,"50-75"
20.57765369,55.64932413,-4.31667184829712,"25-50"
13.87765369,54.14932413,-3.70128607749939,"50-75"
13.87765369,54.24932413,-3.47328782081604,"50-75"
14.47765369,54.54932413,-3.01230978965759,"75-100"
20.67765369,55.64932413,-4.04753112792969,"50-75"
20.77765369,55.64932413,-5.12817907333374,"25-50"
20.87765369,55.64932413,-4.86375761032104,"25-50"
20.67765369,55.74932413,-3.34848952293396,"75-100"
20.67765369,55.84932413,-3.31590056419373,"75-100"
20.37765369,55.14932413,-4.11411571502686,"50-75"
13.07765369,54.64932413,-3.05457663536072,"75-100"
12.47765369,55.14932413,-2.80923342704773,"75-100"
12.37765369,55.14932413,-2.75449347496033,"75-100"
20.57765369,55.14932413,-2.90616083145142,"75-100"
17.57765369,55.64932413,-5.26015186309814,"25-50"
17.37765369,55.64932413,-4.33572626113892,"25-50"
12.47765369,55.34932413,-3.04828333854675,"75-100"
15.57765369,54.34932413,-3.50401306152344,"50-75"
15.37765369,54.34932413,-3.25075817108154,"75-100"
15.47765369,54.24932413,-3.42774868011475,"50-75"
12.57765369,55.44932413,-5.17192888259888,"25-50"
12.37765369,55.44932413,-2.97308993339539,"75-100"
13.47765369,54.24932413,-3.83753180503845,"50-75"
14.57765369,55.04932413,-3.02405881881714,"75-100"
12.87765369,54.74932413,-3.79025936126709,"50-75"
20.47765369,56.34932413,-4.50904989242554,"25-50"
12.87765369,55.04932413,-5.41056346893311,"0-25"
10.07765369,55.04932413,-3.24275779724121,"75-100"
14.77765369,54.84932413,-6.14345407485962,"0-25"
14.47765369,54.44932413,-2.95381927490234,"75-100"
14.87765369,54.94932413,-3.02602076530457,"75-100"
12.77765369,55.24932413,-5.7882924079895,"0-25"
14.27765369,54.64932413,-4.86507368087769,"25-50"
12.87765369,55.24932413,-5.081467628479,"25-50"
13.57765369,54.24932413,-3.97989773750305,"50-75"
13.87765369,54.54932413,-5.13324022293091,"25-50"
12.77765369,55.34932413,-4.90025806427002,"25-50"
12.47765369,55.44932413,-2.95396852493286,"75-100"
14.77765369,54.94932413,-2.76734328269958,"75-100"
11.27765369,56.04932413,-3.028324842453,"75-100"
20.67765369,54.94932413,-5.58267593383789,"0-25"
17.47765369,55.04932413,-5.44532299041748,"0-25"
17.27765369,54.84932413,-3.32807016372681,"75-100"
14.67765369,54.84932413,-5.47010564804077,"0-25"
14.17765369,54.64932413,-4.68186855316162,"25-50"
20.67765369,55.14932413,-2.85818433761597,"75-100"
12.67765369,54.84932413,-2.83574271202087,"75-100"
20.17765369,55.24932413,-4.00131464004517,"50-75"
13.77765369,54.44932413,-3.4448184967041,"50-75"
13.87765369,54.34932413,-3.51002407073975,"50-75"
13.77765369,54.34932413,-3.46083045005798,"50-75"
13.77765369,54.24932413,-3.77959871292114,"50-75"
20.27765369,55.14932413,-5.17253732681274,"25-50"
20.87765369,55.54932413,-4.6072564125061,"25-50"
20.37765369,55.04932413,-3.10272455215454,"75-100"
16.67765369,54.74932413,-4.54944944381714,"25-50"
20.27765369,55.84932413,-5.7312445640564,"0-25"
9.777653694,55.24932413,-2.86956977844238,"75-100"
20.67765369,55.34932413,-2.94699931144714,"75-100"
20.07765369,55.34932413,-3.21690225601196,"75-100"
20.97765369,55.54932413,-4.60044765472412,"25-50"
20.57765369,55.74932413,-3.30636930465698,"75-100"
10.37765369,54.94932413,-2.96472191810608,"75-100"
20.77765369,55.04932413,-5.19280385971069,"25-50"
12.37765369,54.74932413,-3.00260448455811,"75-100"
10.57765369,54.44932413,-4.75926494598389,"25-50"
14.77765369,54.54932413,-3.14452433586121,"75-100"
12.97765369,54.74932413,-3.22317218780518,"75-100"
20.27765369,55.94932413,-5.55543613433838,"0-25"
14.57765369,54.74932413,-5.99533891677856,"0-25"
20.77765369,55.44932413,-4.64570236206055,"25-50"
10.97765369,56.94932413,-5.33937168121338,"25-50"
11.07765369,57.04932413,-2.82580232620239,"75-100"
11.17765369,56.84932413,-5.30315637588501,"25-50"
10.97765369,56.84932413,-5.36026763916016,"25-50"
11.07765369,56.94932413,-5.36045742034912,"25-50"
11.17765369,56.94932413,-5.22049808502197,"25-50"
11.07765369,56.84932413,-5.26983499526978,"25-50"
11.17765369,56.74932413,-3.0885534286499,"75-100"
14.77765369,54.44932413,-3.13324785232544,"75-100"
14.67765369,54.24932413,-2.99625515937805,"75-100"
12.47765369,54.84932413,-2.84615397453308,"75-100"
10.17765369,54.54932413,-4.90663528442383,"25-50"
16.77765369,54.84932413,-2.99315786361694,"75-100"
11.77765369,54.54932413,-2.78364753723145,"75-100"
13.97765369,54.64932413,-4.81586885452271,"25-50"
12.47765369,54.74932413,-3.31367874145508,"75-100"
20.87765369,55.04932413,-5.26253366470337,"25-50"
10.47765369,54.44932413,-4.62806844711304,"25-50"
14.37765369,54.64932413,-3.08692955970764,"75-100"
12.17765369,57.14932413,-3.08592772483826,"75-100"
17.47765369,54.94932413,-2.90551400184631,"75-100"
17.37765369,54.84932413,-3.33296060562134,"75-100"
13.17765369,54.64932413,-3.13405895233154,"75-100"
10.77765369,56.64932413,-3.08626008033752,"75-100"
10.87765369,56.64932413,-3.1046667098999,"75-100"
10.77765369,56.54932413,-3.09822964668274,"75-100"
12.07765369,54.64932413,-2.82466626167297,"75-100"
10.67765369,56.94932413,-2.89072751998901,"75-100"
12.77765369,54.84932413,-2.90458846092224,"75-100"
20.97765369,55.34932413,-3.18082475662231,"75-100"
12.57765369,54.84932413,-5.64758014678955,"0-25"
21.17765369,54.94932413,-5.36550283432007,"25-50"
13.07765369,54.74932413,-3.20703911781311,"75-100"
20.77765369,55.24932413,-2.95421242713928,"75-100"
12.07765369,57.24932413,-3.00875687599182,"75-100"
16.37765369,54.74932413,-3.490079164505,"50-75"
16.37765369,54.64932413,-4.59175682067871,"25-50"
16.27765369,54.54932413,-3.09416389465332,"75-100"
16.37765369,54.54932413,-4.71819019317627,"25-50"
16.37765369,54.44932413,-3.26669096946716,"75-100"
16.27765369,54.74932413,-3.25821566581726,"75-100"
21.07765369,55.04932413,-5.28422975540161,"25-50"
17.47765369,55.64932413,-2.79588580131531,"75-100"
21.17765369,55.04932413,-5.24354457855225,"25-50"
21.17765369,55.14932413,-5.21728372573853,"25-50"
20.97765369,55.14932413,-5.10650777816772,"25-50"
21.07765369,55.14932413,-5.22895383834839,"25-50"
12.37765369,55.54932413,-2.88411378860474,"75-100"
21.07765369,55.24932413,-5.32315015792847,"25-50"
20.77765369,55.84932413,-3.2357189655304,"75-100"
14.67765369,54.14932413,-3.2991828918457,"75-100"
10.67765369,56.04932413,-3.38217067718506,"50-75"
12.97765369,54.84932413,-3.00378489494324,"75-100"
14.67765369,54.04932413,-4.20817041397095,"50-75"
10.97765369,56.24932413,-4.08413887023926,"50-75"
10.97765369,55.04932413,-3.3746612071991,"50-75"
12.97765369,55.04932413,-2.7380645275116,"75-100"
20.17765369,55.94932413,-3.22946715354919,"75-100"
20.07765369,55.94932413,-3.30483102798462,"75-100"
20.07765369,56.04932413,-3.16891169548035,"75-100"
10.87765369,55.14932413,-2.95340538024902,"75-100"
12.37765369,54.64932413,-3.47168231010437,"50-75"
20.97765369,56.44932413,-4.71232938766479,"25-50"
12.87765369,54.44932413,-3.31597995758057,"75-100"
11.27765369,55.94932413,-2.85150146484375,"75-100"
12.87765369,54.84932413,-2.93114233016968,"75-100"
20.37765369,55.84932413,-5.51710796356201,"0-25"
11.17765369,54.14932413,-4.86981010437012,"25-50"
12.17765369,54.44932413,-4.91424179077148,"25-50"
11.37765369,56.34932413,-3.1220588684082,"75-100"
11.27765369,56.34932413,-3.14680504798889,"75-100"
11.17765369,56.34932413,-5.31080102920532,"25-50"
16.67765369,54.64932413,-4.59105968475342,"25-50"
14.27765369,54.84932413,-4.52824354171753,"25-50"
20.87765369,55.84932413,-3.12529754638672,"75-100"
14.37765369,54.94932413,-2.94119358062744,"75-100"
11.67765369,54.54932413,-2.82355332374573,"75-100"
20.47765369,55.74932413,-3.51626539230347,"50-75"
15.67765369,54.34932413,-3.44932413101196,"50-75"
11.17765369,56.04932413,-3.23084354400635,"75-100"
20.37765369,54.94932413,-2.8501935005188,"75-100"
20.67765369,55.44932413,-3.12862253189087,"75-100"
20.77765369,55.34932413,-2.90533256530762,"75-100"
17.57765369,54.94932413,-2.99412870407104,"75-100"
18.17765369,55.14932413,-3.52714848518372,"50-75"
18.17765369,54.94932413,-3.21646928787231,"75-100"
18.27765369,55.04932413,-3.52308630943298,"50-75"
12.07765369,54.34932413,-3.30708146095276,"75-100"
12.07765369,54.44932413,-2.95042324066162,"75-100"
12.07765369,54.24932413,-3.73180556297302,"50-75"
20.57765369,55.84932413,-3.36498999595642,"50-75"
20.57765369,56.34932413,-4.51743221282959,"25-50"
15.77765369,54.44932413,-3.96955537796021,"50-75"
10.77765369,55.94932413,-3.09266400337219,"75-100"
12.27765369,54.34932413,-2.93188190460205,"75-100"
12.87765369,54.64932413,-3.06798076629639,"75-100"
16.47765369,54.64932413,-4.58456134796143,"25-50"
16.47765369,54.54932413,-3.2073655128479,"75-100"
11.77765369,57.04932413,-4.76001262664795,"25-50"
10.57765369,57.04932413,-2.96887111663818,"75-100"
20.47765369,55.84932413,-5.67502212524414,"0-25"
20.37765369,55.74932413,-3.68416690826416,"50-75"
20.27765369,55.04932413,-3.25409984588623,"75-100"
12.37765369,54.54932413,-3.24393582344055,"75-100"
11.57765369,57.04932413,-4.23045301437378,"50-75"
12.27765369,54.64932413,-2.99803018569946,"75-100"
12.37765369,54.44932413,-2.99846935272217,"75-100"
15.97765369,54.54932413,-3.3145854473114,"75-100"
10.37765369,55.84932413,-2.91094279289246,"75-100"
18.17765369,55.04932413,-3.44075274467468,"50-75"
10.97765369,55.24932413,-3.4309663772583,"50-75"
14.17765369,54.74932413,-4.54144716262817,"25-50"
15.47765369,54.34932413,-3.30809640884399,"75-100"
13.87765369,54.64932413,-5.21668529510498,"25-50"
15.57765369,54.44932413,-4.4610915184021,"25-50"
20.87765369,55.94932413,-2.97140288352966,"75-100"
11.97765369,54.44932413,-2.9256284236908,"75-100"
12.47765369,54.44932413,-3.14433693885803,"75-100"
20.77765369,55.94932413,-2.93987774848938,"75-100"
11.57765369,56.94932413,-3.18762850761414,"75-100"
11.37765369,56.14932413,-3.15932369232178,"75-100"
20.17765369,55.14932413,-4.4055061340332,"25-50"
20.57765369,56.24932413,-4.56112480163574,"25-50"
15.67765369,54.44932413,-4.38644886016846,"25-50"
20.97765369,56.14932413,-3.22567462921143,"75-100"
20.87765369,56.24932413,-4.58628845214844,"25-50"
11.27765369,56.14932413,-5.05031967163086,"25-50"
11.47765369,56.04932413,-3.01734066009521,"75-100"
18.07765369,54.84932413,-2.92838311195374,"75-100"
12.47765369,54.54932413,-3.31600093841553,"75-100"
10.97765369,55.34932413,-3.32314801216125,"75-100"
12.57765369,54.74932413,-2.99502205848694,"75-100"
11.67765369,56.84932413,-3.53095006942749,"50-75"
16.57765369,54.64932413,-4.55472230911255,"25-50"
11.37765369,56.24932413,-4.64100360870361,"25-50"
11.57765369,56.84932413,-3.04720950126648,"75-100"
16.87765369,55.14932413,-5.5123291015625,"0-25"
16.87765369,55.24932413,-5.27890634536743,"25-50"
16.87765369,55.04932413,-2.79164814949036,"75-100"
11.27765369,56.74932413,-3.00222110748291,"75-100"
12.67765369,54.94932413,-3.48764514923096,"50-75"
11.37765369,56.84932413,-2.8073251247406,"75-100"
10.27765369,54.54932413,-4.65746259689331,"25-50"
11.47765369,56.24932413,-3.18291974067688,"75-100"
11.57765369,56.74932413,-2.92801856994629,"75-100"
13.07765369,54.94932413,-3.21262216567993,"75-100"
11.57765369,54.54932413,-2.90813255310059,"75-100"
11.17765369,55.14932413,-3.10443449020386,"75-100"
14.07765369,54.64932413,-4.96899652481079,"25-50"
11.47765369,56.74932413,-2.76703524589539,"75-100"
11.47765369,56.84932413,-2.94575715065002,"75-100"
17.27765369,55.44932413,-3.29712224006653,"75-100"
17.27765369,55.64932413,-4.3855357170105,"25-50"
10.17765369,55.74932413,-2.99016141891479,"75-100"
10.37765369,55.74932413,-2.96899223327637,"75-100"
10.27765369,55.84932413,-2.93951463699341,"75-100"
12.57765369,54.54932413,-3.05944776535034,"75-100"
11.47765369,56.34932413,-3.95953035354614,"50-75"
13.07765369,55.04932413,-5.27591323852539,"25-50"
11.67765369,56.64932413,-4.7860107421875,"25-50"
17.47765369,55.44932413,-3.68117141723633,"50-75"
17.57765369,55.54932413,-5.72413635253906,"0-25"
11.87765369,56.94932413,-3.36040067672729,"75-100"
15.37765369,54.24932413,-3.37336230278015,"50-75"
11.07765369,56.74932413,-2.95802211761475,"75-100"
11.57765369,56.04932413,-3.07643437385559,"75-100"
11.27765369,56.94932413,-5.26195335388184,"25-50"
10.87765369,56.04932413,-3.1099910736084,"75-100"
12.47765369,54.64932413,-4.42419624328613,"25-50"
10.87765369,54.54932413,-6.28057241439819,"0-25"
11.57765369,56.34932413,-6.0080189704895,"0-25"
20.67765369,56.14932413,-5.34355306625366,"25-50"
11.67765369,56.44932413,-6.05332374572754,"0-25"
17.97765369,54.84932413,-3.1209032535553,"75-100"
11.47765369,56.94932413,-5.40506982803345,"0-25"
10.67765369,55.74932413,-3.04228115081787,"75-100"
10.57765369,54.74932413,-3.26970767974854,"75-100"
10.87765369,56.54932413,-3.13403630256653,"75-100"
11.47765369,57.04932413,-3.08692812919617,"75-100"
11.47765369,56.44932413,-3.16181111335754,"75-100"
20.07765369,55.24932413,-4.04555177688599,"50-75"
12.67765369,54.74932413,-4.23003387451172,"50-75"
11.37765369,56.44932413,-5.44940996170044,"0-25"
12.97765369,54.94932413,-5.62998676300049,"0-25"
11.97765369,56.94932413,-3.69679975509644,"50-75"
15.47765369,54.44932413,-4.17164325714111,"50-75"
11.47765369,56.54932413,-3.6509370803833,"50-75"
13.17765369,55.24932413,-3.54812526702881,"50-75"
13.07765369,55.24932413,-3.42137503623962,"50-75"
12.97765369,55.24932413,-3.00898575782776,"75-100"
12.57765369,56.64932413,-4.78286552429199,"25-50"
11.87765369,56.54932413,-6.68581199645996,"0-25"
11.97765369,56.54932413,-3.72815299034119,"50-75"
16.77765369,54.74932413,-4.6409158706665,"25-50"
11.37765369,56.94932413,-5.14470624923706,"25-50"
11.37765369,56.64932413,-2.84569430351257,"75-100"
20.67765369,56.04932413,-3.04509472846985,"75-100"
12.47765369,56.84932413,-2.87368226051331,"75-100"
16.77765369,55.04932413,-2.83722949028015,"75-100"
10.97765369,56.64932413,-3.1513364315033,"75-100"
14.47765369,54.64932413,-3.20604681968689,"75-100"
11.67765369,56.04932413,-3.00455284118652,"75-100"
11.87765369,56.34932413,-3.82081246376038,"50-75"
11.67765369,56.14932413,-3.16278767585754,"75-100"
11.37765369,55.14932413,-2.9259717464447,"75-100"
11.57765369,55.14932413,-3.09532284736633,"75-100"
11.67765369,56.24932413,-3.01982021331787,"75-100"
20.47765369,56.24932413,-4.53357458114624,"25-50"
10.97765369,56.34932413,-3.39282131195068,"50-75"
17.27765369,54.74932413,-3.03696417808533,"75-100"
11.07765369,56.44932413,-3.34322595596313,"75-100"
11.27765369,56.24932413,-3.04102492332458,"75-100"
12.07765369,56.34932413,-4.66680955886841,"25-50"
10.77765369,57.04932413,-3.27519106864929,"75-100"
10.67765369,57.14932413,-3.11420583724976,"75-100"
10.67765369,57.04932413,-2.96881723403931,"75-100"
10.57765369,57.14932413,-3.05731749534607,"75-100"
10.57765369,57.24932413,-3.10026550292969,"75-100"
10.87765369,57.14932413,-2.85393166542053,"75-100"
11.37765369,54.54932413,-3.34201884269714,"75-100"
11.37765369,56.54932413,-3.13796496391296,"75-100"
12.07765369,56.14932413,-3.29997944831848,"75-100"
16.97765369,55.14932413,-5.52650165557861,"0-25"
10.97765369,55.84932413,-3.17620301246643,"75-100"
20.57765369,56.14932413,-3.01317167282104,"75-100"
10.97765369,57.04932413,-2.81574702262878,"75-100"
20.17765369,55.04932413,-3.4478816986084,"50-75"
12.77765369,54.74932413,-3.31984567642212,"75-100"
11.27765369,56.64932413,-3.01143956184387,"75-100"
10.87765369,57.04932413,-2.91411089897156,"75-100"
11.07765369,54.64932413,-3.22882962226868,"75-100"
10.97765369,54.74932413,-2.96246147155762,"75-100"
11.77765369,55.84932413,-3.36372065544128,"75-100"
10.97765369,56.44932413,-3.29048418998718,"75-100"
14.77765369,54.04932413,-4.03293800354004,"50-75"
11.37765369,57.04932413,-5.33910226821899,"25-50"
10.97765369,56.54932413,-3.2370879650116,"75-100"
12.57765369,54.64932413,-6.28373336791992,"0-25"
11.17765369,57.04932413,-2.82155466079712,"75-100"
11.77765369,56.04932413,-3.01160979270935,"75-100"
17.47765369,54.84932413,-3.04587173461914,"75-100"
17.67765369,54.84932413,-3.13790416717529,"75-100"
17.57765369,54.84932413,-3.22474002838135,"75-100"
10.77765369,57.14932413,-3.08230400085449,"75-100"
11.77765369,56.14932413,-3.16293144226074,"75-100"
12.07765369,56.54932413,-3.35634326934814,"75-100"
16.77765369,54.64932413,-4.63295364379883,"25-50"
12.77765369,54.64932413,-3.17049670219421,"75-100"
11.97765369,56.14932413,-3.19380855560303,"75-100"
11.17765369,56.54932413,-3.11647510528564,"75-100"
15.47765369,55.14932413,-7.72217559814453,"0-25"
14.27765369,55.24932413,-3.56255388259888,"50-75"
12.67765369,56.64932413,-6.61253309249878,"0-25"
11.87765369,56.04932413,-2.94023489952087,"75-100"
10.67765369,55.84932413,-3.14417576789856,"75-100"
16.37765369,54.84932413,-3.03827834129333,"75-100"
10.77765369,57.24932413,-3.07989811897278,"75-100"
14.77765369,54.14932413,-3.30664014816284,"75-100"
12.67765369,54.54932413,-3.29561328887939,"75-100"
10.87765369,56.24932413,-3.90363621711731,"50-75"
20.07765369,55.14932413,-4.27702188491821,"50-75"
16.77765369,55.14932413,-5.51665163040161,"0-25"
10.97765369,54.64932413,-3.17805147171021,"75-100"
14.77765369,54.24932413,-3.00465655326843,"75-100"
12.37765369,56.44932413,-3.36007928848267,"75-100"
11.07765369,55.74932413,-2.78404974937439,"75-100"
12.77765369,54.54932413,-3.18471741676331,"75-100"
15.27765369,54.34932413,-5.93860197067261,"0-25"
15.17765369,54.34932413,-6.041916847229,"0-25"
14.97765369,54.44932413,-3.19040060043335,"75-100"
15.07765369,54.34932413,-6.14448022842407,"0-25"
15.17765369,54.24932413,-3.26326322555542,"75-100"
16.97765369,55.54932413,-3.19691252708435,"75-100"
14.77765369,54.34932413,-3.03417801856995,"75-100"
12.17765369,56.54932413,-4.03236150741577,"50-75"
17.17765369,55.54932413,-5.20981407165527,"25-50"
16.77765369,55.24932413,-5.117018699646,"25-50"
10.87765369,57.24932413,-2.91241216659546,"75-100"
10.87765369,57.34932413,-3.03621578216553,"75-100"
16.87765369,54.64932413,-3.10170912742615,"75-100"
16.87765369,54.74932413,-3.01631784439087,"75-100"
16.97765369,54.74932413,-3.01094388961792,"75-100"
17.07765369,54.74932413,-3.03304243087769,"75-100"
11.97765369,56.24932413,-3.44787573814392,"50-75"
11.87765369,56.14932413,-3.19326639175415,"75-100"
11.97765369,56.04932413,-2.91332983970642,"75-100"
16.87765369,55.44932413,-7.23623704910278,"0-25"
16.27765369,54.64932413,-4.71864652633667,"25-50"
15.27765369,54.14932413,-3.56877422332764,"50-75"
12.17765369,56.44932413,-3.33480906486511,"75-100"
17.17765369,54.74932413,-3.01481342315674,"75-100"
20.47765369,56.14932413,-2.91524863243103,"75-100"
15.27765369,54.24932413,-3.2177791595459,"75-100"
20.67765369,56.44932413,-4.56261253356934,"25-50"
13.87765369,55.34932413,-3.50207591056824,"50-75"
13.77765369,55.34932413,-3.4733362197876,"50-75"
11.07765369,56.54932413,-3.21916580200195,"75-100"
11.27765369,56.54932413,-3.17069053649902,"75-100"
11.17765369,56.64932413,-3.1218798160553,"75-100"
16.47765369,54.94932413,-2.97313809394836,"75-100"
19.97765369,55.24932413,-3.84563255310059,"50-75"
15.87765369,54.44932413,-3.51242780685425,"50-75"
12.67765369,54.64932413,-5.58445310592651,"0-25"
15.87765369,54.34932413,-3.10283446311951,"75-100"
20.37765369,56.24932413,-3.01086854934692,"75-100"
11.27765369,57.14932413,-2.89368391036987,"75-100"
12.27765369,56.44932413,-3.72765731811523,"50-75"
20.37765369,56.04932413,-5.41417551040649,"0-25"
14.67765369,55.64932413,-5.69290924072266,"0-25"
15.17765369,54.14932413,-3.54541778564453,"50-75"
11.37765369,57.34932413,-6.12667274475098,"0-25"
11.27765369,57.44932413,-4.07985591888428,"50-75"
10.77765369,55.74932413,-3.6652934551239,"50-75"
13.47765369,55.24932413,-3.26925015449524,"75-100"
16.27765369,54.44932413,-3.72662806510925,"50-75"
16.77765369,55.34932413,-5.03290319442749,"25-50"
16.67765369,55.34932413,-4.99937868118286,"25-50"
16.57765369,55.34932413,-4.83441734313965,"25-50"
16.77765369,55.44932413,-7.3361930847168,"0-25"
14.87765369,54.14932413,-3.28621935844421,"75-100"
12.67765369,55.94932413,-4.82241821289062,"25-50"
17.17765369,54.84932413,-3.01454854011536,"75-100"
15.97765369,54.64932413,-3.52830410003662,"50-75"
11.17765369,57.14932413,-2.86136651039124,"75-100"
13.87765369,55.24932413,-3.36073040962219,"75-100"
13.67765369,55.24932413,-3.46677994728088,"50-75"
17.47765369,56.04932413,-3.10339903831482,"75-100"
17.47765369,55.94932413,-3.08566665649414,"75-100"
17.37765369,55.94932413,-3.08026337623596,"75-100"
17.27765369,55.94932413,-5.13824462890625,"25-50"
17.37765369,56.04932413,-3.03056859970093,"75-100"
17.27765369,56.04932413,-2.99318933486938,"75-100"
17.17765369,56.04932413,-2.9572114944458,"75-100"
17.37765369,55.84932413,-5.36315965652466,"25-50"
17.37765369,56.24932413,-2.90643668174744,"75-100"
17.37765369,56.14932413,-2.92910432815552,"75-100"
17.27765369,56.14932413,-2.82190585136414,"75-100"
14.27765369,55.34932413,-3.26966667175293,"75-100"
10.97765369,57.14932413,-2.89460968971252,"75-100"
11.07765369,57.14932413,-2.89439725875854,"75-100"
16.57765369,55.24932413,-5.02405405044556,"25-50"
18.47765369,54.84932413,-3.69577169418335,"50-75"
14.17765369,55.24932413,-3.29242324829102,"75-100"
13.77765369,55.24932413,-3.41943168640137,"50-75"
10.87765369,55.54932413,-3.54246163368225,"50-75"
16.17765369,54.64932413,-3.37105941772461,"50-75"
20.37765369,56.14932413,-5.53464365005493,"0-25"
20.27765369,56.04932413,-5.36844968795776,"0-25"
14.97765369,54.14932413,-3.44751405715942,"50-75"
17.07765369,54.84932413,-3.5756356716156,"50-75"
14.87765369,54.24932413,-3.06895637512207,"75-100"
13.57765369,55.24932413,-3.2564492225647,"75-100"
16.07765369,54.54932413,-3.31297421455383,"75-100"
19.57765369,54.44932413,-3.89119839668274,"50-75"
14.37765369,55.44932413,-3.50296306610107,"50-75"
17.27765369,55.54932413,-5.35571193695068,"25-50"
16.47765369,55.24932413,-5.15183925628662,"25-50"
17.67765369,55.64932413,-5.53887414932251,"0-25"
15.07765369,54.24932413,-5.43712043762207,"0-25"
13.97765369,55.34932413,-4.63516998291016,"25-50"
11.07765369,57.34932413,-3.01025724411011,"75-100"
15.97765369,54.34932413,-3.24805164337158,"75-100"
18.27765369,54.94932413,-3.38811802864075,"50-75"
17.47765369,55.74932413,-6.4982795715332,"0-25"
19.67765369,55.94932413,-3.20880675315857,"75-100"
17.57765369,55.74932413,-5.20186567306519,"25-50"
19.87765369,54.94932413,-3.17768478393555,"75-100"
14.97765369,54.24932413,-3.15618753433228,"75-100"
19.67765369,55.84932413,-3.55547618865967,"50-75"
19.77765369,54.94932413,-3.27692770957947,"75-100"
18.07765369,55.14932413,-3.68206572532654,"50-75"
16.07765369,54.44932413,-3.64859580993652,"50-75"
16.07765369,54.64932413,-3.48212909698486,"50-75"
10.67765369,55.64932413,-3.510910987854,"50-75"
17.37765369,55.74932413,-4.46495962142944,"25-50"
16.97765369,54.94932413,-2.92604613304138,"75-100"
16.77765369,55.54932413,-2.97332096099854,"75-100"
19.77765369,54.84932413,-3.21931409835815,"75-100"
16.17765369,54.34932413,-3.76802921295166,"50-75"
16.37765369,55.24932413,-7.2739577293396,"0-25"
14.87765369,54.34932413,-3.17018365859985,"75-100"
17.87765369,54.84932413,-3.19472312927246,"75-100"
17.57765369,55.44932413,-3.97326922416687,"50-75"
15.37765369,55.14932413,-7.67089033126831,"0-25"
17.57765369,55.84932413,-3.43473505973816,"50-75"
11.97765369,54.24932413,-3.56527137756348,"50-75"
11.37765369,54.04932413,-3.1272828578949,"75-100"
17.47765369,55.84932413,-5.56081199645996,"0-25"
19.57765369,55.84932413,-3.39845013618469,"50-75"
18.27765369,55.94932413,-3.91001796722412,"50-75"
16.67765369,55.64932413,-3.36684775352478,"50-75"
16.87765369,55.64932413,-2.97351932525635,"75-100"
17.77765369,54.84932413,-3.12155938148499,"75-100"
17.27765369,55.04932413,-5.79348278045654,"0-25"
19.77765369,55.94932413,-3.27137160301208,"75-100"
18.37765369,54.84932413,-3.22775101661682,"75-100"
19.77765369,54.74932413,-3.1954653263092,"75-100"
18.27765369,55.74932413,-4.39706611633301,"25-50"
17.07765369,54.94932413,-2.95129919052124,"75-100"
14.97765369,54.34932413,-3.37461423873901,"50-75"
16.97765369,55.04932413,-5.35587167739868,"25-50"
14.87765369,54.44932413,-3.18336415290833,"75-100"
17.97765369,56.34932413,-5.18499374389648,"25-50"
18.07765369,56.24932413,-7.74120664596558,"0-25"
17.47765369,56.14932413,-2.97734665870667,"75-100"
14.77765369,55.94932413,-4.59507846832275,"25-50"
10.57765369,57.64932413,-3.48904800415039,"50-75"
13.97765369,55.24932413,-3.66010594367981,"50-75"
16.37765369,54.94932413,-3.28218340873718,"75-100"
15.97765369,54.44932413,-3.21723747253418,"75-100"
16.07765369,54.34932413,-3.47289419174194,"50-75"
16.17765369,54.44932413,-3.43216609954834,"50-75"
15.27765369,54.94932413,-5.8292760848999,"0-25"
17.67765369,54.94932413,-3.04719734191895,"75-100"
15.17765369,54.94932413,-5.64581966400146,"0-25"
19.77765369,54.64932413,-3.82994198799133,"50-75"
17.27765369,55.84932413,-5.15870666503906,"25-50"
17.17765369,56.14932413,-2.77430319786072,"75-100"
17.27765369,56.24932413,-3.70826482772827,"50-75"
18.27765369,55.84932413,-4.15417718887329,"50-75"
17.17765369,56.24932413,-2.89960908889771,"75-100"
17.67765369,55.74932413,-3.36522150039673,"50-75"
18.17765369,56.04932413,-3.61418223381042,"50-75"
17.27765369,55.74932413,-4.47850036621094,"25-50"
14.87765369,55.94932413,-4.59304809570312,"25-50"
14.37765369,55.74932413,-4.95737838745117,"25-50"
14.27765369,55.74932413,-6.79060125350952,"0-25"
14.37765369,55.84932413,-4.61135673522949,"25-50"
17.17765369,55.14932413,-4.28244733810425,"50-75"
17.37765369,55.04932413,-5.81421518325806,"0-25"
17.37765369,55.44932413,-3.80017518997192,"50-75"
18.17765369,55.74932413,-4.08716201782227,"50-75"
16.87765369,55.54932413,-3.0843608379364,"75-100"
17.67765369,56.24932413,-3.02538061141968,"75-100"
17.07765369,56.24932413,-3.64220714569092,"50-75"
17.17765369,55.04932413,-3.43782877922058,"50-75"
18.67765369,54.44932413,-3.95044255256653,"50-75"
16.67765369,55.54932413,-3.1185348033905,"75-100"
17.57765369,55.04932413,-5.39396905899048,"0-25"
19.67765369,54.64932413,-4.46424770355225,"25-50"
17.57765369,56.14932413,-3.02252888679504,"75-100"
17.67765369,56.34932413,-3.12360644340515,"75-100"
17.67765369,56.14932413,-3.23944711685181,"75-100"
17.57765369,56.24932413,-2.80928254127502,"75-100"
20.07765369,56.14932413,-5.38631725311279,"0-25"
16.77765369,55.64932413,-3.14708590507507,"75-100"
18.17765369,55.84932413,-3.78392887115479,"50-75"
15.27765369,55.14932413,-7.22124671936035,"0-25"
17.17765369,55.44932413,-3.46316599845886,"50-75"
10.57765369,57.34932413,-3.07987809181213,"75-100"
17.07765369,55.04932413,-5.43534231185913,"0-25"
18.17765369,55.94932413,-3.41058874130249,"50-75"
17.77765369,55.04932413,-6.01910877227783,"0-25"
17.67765369,55.04932413,-5.87147045135498,"0-25"
15.27765369,55.24932413,-7.15677165985107,"0-25"
16.97765369,55.24932413,-5.43586301803589,"0-25"
17.17765369,55.94932413,-5.31383514404297,"25-50"
18.07765369,56.14932413,-3.18208193778992,"75-100"
18.37765369,55.04932413,-3.85950565338135,"50-75"
18.47765369,54.94932413,-3.8272852897644,"50-75"
17.17765369,55.64932413,-6.81385564804077,"0-25"
17.47765369,56.24932413,-2.80140781402588,"75-100"
18.67765369,54.84932413,-7.12026166915894,"0-25"
17.57765369,55.94932413,-3.52400803565979,"50-75"
18.67765369,54.54932413,-4.27900695800781,"50-75"
16.77765369,55.74932413,-3.19834446907043,"75-100"
18.87765369,54.44932413,-4.05784225463867,"50-75"
17.07765369,56.14932413,-3.5875141620636,"50-75"
17.17765369,55.74932413,-4.51218318939209,"25-50"
17.07765369,55.24932413,-5.74621486663818,"0-25"
17.07765369,55.44932413,-5.03758382797241,"25-50"
17.17765369,55.84932413,-3.10364627838135,"75-100"
15.07765369,54.44932413,-5.87674951553345,"0-25"
16.97765369,55.64932413,-3.01024031639099,"75-100"
17.17765369,55.24932413,-4.66133260726929,"25-50"
17.57765369,55.14932413,-3.87980270385742,"50-75"
18.07765369,56.04932413,-3.24179983139038,"75-100"
18.57765369,54.64932413,-4.27338933944702,"50-75"
14.57765369,55.84932413,-4.67185735702515,"25-50"
17.07765369,55.64932413,-5.38758325576782,"0-25"
10.57765369,57.44932413,-3.17765283584595,"75-100"
17.57765369,56.04932413,-3.28445768356323,"75-100"
16.67765369,55.94932413,-5.56021642684937,"0-25"
16.77765369,55.84932413,-3.27540278434753,"75-100"
16.67765369,55.74932413,-3.81017088890076,"50-75"
16.87765369,55.74932413,-3.19580936431885,"75-100"
17.07765369,56.04932413,-5.0638861656189,"25-50"
18.67765369,54.64932413,-4.35272121429443,"25-50"
12.67765369,55.34932413,-3.77379751205444,"50-75"
14.97765369,56.04932413,-4.76229476928711,"25-50"
13.27765369,55.24932413,-3.23407316207886,"75-100"
16.17765369,54.74932413,-3.61685299873352,"50-75"
17.07765369,55.74932413,-3.00831484794617,"75-100"
17.57765369,56.34932413,-3.14722967147827,"75-100"
13.07765369,55.14932413,-4.76875782012939,"25-50"
18.07765369,56.34932413,-5.35814523696899,"25-50"
13.37765369,55.24932413,-3.3505277633667,"75-100"
15.67765369,55.94932413,-4.52572107315063,"25-50"
15.67765369,55.84932413,-3.1353075504303,"75-100"
16.27765369,54.84932413,-3.57458066940308,"50-75"
10.97765369,57.34932413,-2.94677877426147,"75-100"
16.97765369,55.74932413,-3.06385636329651,"75-100"
17.07765369,55.94932413,-5.30853700637817,"25-50"
18.67765369,54.74932413,-4.54974460601807,"25-50"
17.07765369,55.84932413,-3.26409530639648,"75-100"
17.67765369,56.04932413,-3.58532619476318,"50-75"
18.17765369,56.34932413,-2.8517906665802,"75-100"
16.97765369,56.14932413,-2.86755275726318,"75-100"
16.77765369,56.34932413,-3.63258028030396,"50-75"
12.97765369,55.34932413,-5.25122928619385,"25-50"
16.87765369,56.24932413,-3.3136305809021,"75-100"
12.87765369,55.34932413,-2.96503734588623,"75-100"
18.27765369,56.34932413,-2.75052046775818,"75-100"
14.47765369,55.84932413,-4.61771440505981,"25-50"
14.27765369,55.64932413,-3.1182918548584,"75-100"
17.97765369,56.44932413,-3.16876912117004,"75-100"
16.97765369,55.84932413,-3.54712533950806,"50-75"
15.77765369,56.04932413,-4.31014347076416,"25-50"
16.87765369,55.84932413,-3.25976300239563,"75-100"
14.37765369,55.64932413,-3.33937740325928,"75-100"
16.97765369,56.04932413,-7.58076858520508,"0-25"
18.07765369,56.44932413,-3.07650303840637,"75-100"
16.57765369,55.74932413,-5.8875150680542,"0-25"
17.07765369,55.54932413,-3.01786613464355,"75-100"
17.07765369,55.14932413,-3.26694798469543,"75-100"
16.97765369,55.94932413,-3.02315735816956,"75-100"
18.37765369,56.34932413,-2.98453879356384,"75-100"
18.17765369,56.44932413,-2.7785918712616,"75-100"
18.27765369,56.44932413,-2.71602249145508,"75-100"
12.67765369,55.44932413,-5.64214086532593,"0-25"
18.37765369,56.44932413,-2.77009010314941,"75-100"
16.87765369,56.14932413,-5.6906681060791,"0-25"
16.87765369,55.94932413,-5.4238486289978,"0-25"
12.47765369,56.14932413,-5.04482507705688,"25-50"
18.57765369,56.44932413,-3.07359600067139,"75-100"
16.67765369,55.84932413,-3.34372496604919,"75-100"
16.77765369,56.24932413,-3.44427442550659,"50-75"
15.37765369,56.04932413,-4.93007612228394,"25-50"
12.77765369,55.44932413,-3.28475403785706,"75-100"
16.87765369,56.04932413,-7.83292388916016,"0-25"
18.47765369,56.44932413,-2.76166391372681,"75-100"
15.97765369,55.94932413,-4.63002634048462,"25-50"
16.77765369,55.94932413,-5.44230842590332,"0-25"
12.87765369,55.44932413,-3.26225280761719,"75-100"
15.27765369,56.04932413,-4.7928729057312,"25-50"
18.47765369,56.34932413,-3.10870242118835,"75-100"
16.57765369,55.84932413,-3.59769034385681,"50-75"
16.77765369,56.14932413,-5.82550621032715,"0-25"
16.77765369,56.04932413,-4.19118928909302,"50-75"
16.07765369,55.94932413,-3.17517113685608,"75-100"
16.07765369,56.04932413,-4.59242391586304,"25-50"
16.67765369,56.24932413,-3.32149028778076,"75-100"
12.77765369,55.54932413,-9.03008651733398,"0-25"
12.87765369,55.64932413,-5.31475019454956,"25-50"
16.67765369,56.04932413,-3.18767428398132,"75-100"
12.67765369,55.74932413,-7.68225860595703,"0-25"
16.47765369,56.04932413,-3.33902931213379,"75-100"
16.57765369,55.94932413,-4.31978797912598,"25-50"
16.47765369,55.84932413,-3.59537792205811,"50-75"
16.57765369,56.14932413,-3.19781136512756,"75-100"
16.07765369,56.14932413,-4.47265672683716,"25-50"
16.27765369,56.04932413,-4.59095525741577,"25-50"
16.37765369,56.04932413,-2.98547673225403,"75-100"
16.27765369,56.14932413,-4.5916600227356,"25-50"
16.37765369,56.14932413,-4.29299831390381,"50-75"
16.17765369,56.24932413,-4.42012310028076,"25-50"
16.37765369,56.24932413,-2.50717949867249,"75-100"
16.27765369,56.24932413,-4.45337629318237,"25-50"
16.27765369,56.34932413,-2.74013876914978,"75-100"
16.27765369,56.44932413,-2.95391869544983,"75-100"
16.37765369,56.34932413,-2.65740251541138,"75-100"
16.17765369,55.54932413,-6.05447816848755,"0-25"
16.17765369,55.34932413,-8.01296806335449,"0-25"
19.27765369,56.34932413,-6.25009489059448,"0-25"
18.27765369,55.64932413,-4.20052242279053,"50-75"
19.07765369,55.64932413,-3.91287469863892,"50-75"
18.97765369,55.64932413,-3.81304574012756,"50-75"
20.47765369,56.44932413,-4.6123194694519,"25-50"
20.37765369,56.34932413,-2.9617292881012,"75-100"
18.57765369,55.24932413,-3.78619766235352,"50-75"
14.77765369,55.64932413,-5.31444644927979,"25-50"
14.77765369,55.84932413,-4.64070510864258,"25-50"
18.17765369,55.64932413,-3.94614219665527,"50-75"
19.07765369,55.34932413,-4.27192163467407,"50-75"
19.07765369,55.24932413,-4.03891563415527,"50-75"
19.17765369,55.34932413,-4.30677270889282,"25-50"
19.17765369,55.24932413,-4.30906057357788,"25-50"
15.27765369,54.84932413,-6.89815664291382,"0-25"
18.27765369,56.14932413,-6.00848627090454,"0-25"
18.37765369,56.24932413,-3.2807445526123,"75-100"
16.17765369,55.44932413,-7.84488821029663,"0-25"
20.57765369,55.24932413,-2.85870838165283,"75-100"
18.27765369,55.34932413,-3.70102524757385,"50-75"
11.77765369,57.34932413,-3.49694466590881,"50-75"
16.27765369,55.34932413,-7.73499488830566,"0-25"
14.97765369,54.84932413,-3.89455103874207,"50-75"
16.27765369,55.44932413,-9.99632167816162,"0-25"
14.67765369,54.74932413,-6.05279397964478,"0-25"
19.67765369,56.04932413,-3.1646363735199,"75-100"
15.07765369,55.34932413,-5.81925010681152,"0-25"
16.17765369,55.24932413,-8.11861515045166,"0-25"
14.57765369,54.64932413,-3.55954599380493,"50-75"
20.27765369,55.74932413,-3.68972635269165,"50-75"
14.87765369,54.84932413,-6.26069450378418,"0-25"
11.77765369,57.24932413,-3.96397161483765,"50-75"
14.77765369,54.74932413,-6.32893848419189,"0-25"
11.77765369,57.14932413,-4.0039644241333,"50-75"
12.37765369,54.84932413,-2.92359781265259,"75-100"
11.77765369,57.44932413,-3.40407228469849,"50-75"
12.27765369,54.74932413,-3.00468564033508,"75-100"
14.17765369,55.14932413,-4.40431261062622,"25-50"
13.97765369,55.14932413,-6.54640483856201,"0-25"
15.77765369,54.54932413,-4.18661022186279,"50-75"
14.87765369,54.74932413,-4.12379360198975,"50-75"
11.67765369,54.44932413,-4.88223171234131,"25-50"
14.87765369,54.54932413,-3.34995865821838,"75-100"
12.37765369,56.84932413,-7.22550964355469,"0-25"
11.57765369,57.44932413,-4.83050441741943,"25-50"
16.07765369,55.44932413,-7.86580181121826,"0-25"
16.27765369,55.54932413,-5.97911930084229,"0-25"
16.37765369,55.34932413,-7.16870832443237,"0-25"
14.97765369,54.74932413,-3.97670483589172,"50-75"
20.77765369,56.34932413,-4.45061922073364,"25-50"
12.77765369,56.54932413,-3.10148358345032,"75-100"
12.87765369,56.54932413,-3.08875608444214,"75-100"
12.47765369,56.74932413,-3.13588881492615,"75-100"
15.07765369,55.74932413,-5.11981010437012,"25-50"
15.37765369,54.94932413,-6.80918836593628,"0-25"
16.87765369,54.84932413,-3.07728552818298,"75-100"
12.57765369,56.74932413,-4.58613204956055,"25-50"
11.87765369,56.84932413,-4.09387111663818,"50-75"
14.67765369,55.74932413,-4.91293144226074,"25-50"
14.77765369,55.74932413,-4.95047950744629,"25-50"
14.87765369,55.74932413,-4.91361284255981,"25-50"
15.47765369,54.94932413,-7.04342269897461,"0-25"
15.57765369,55.04932413,-8.28628826141357,"0-25"
11.27765369,54.54932413,-8.45820236206055,"0-25"
20.57765369,56.44932413,-4.68071508407593,"25-50"
11.07765369,54.54932413,-4.17034482955933,"50-75"
11.17765369,54.54932413,-4.64318132400513,"25-50"
16.97765369,55.34932413,-5.38406181335449,"0-25"
14.37765369,55.24932413,-4.78824663162231,"25-50"
16.97765369,54.84932413,-3.32186317443848,"75-100"
15.87765369,54.54932413,-3.83016443252563,"50-75"
14.97765369,55.74932413,-4.91755056381226,"25-50"
15.37765369,54.54932413,-3.74921298027039,"50-75"
15.47765369,54.54932413,-4.24118995666504,"50-75"
15.97765369,55.44932413,-8.07731437683105,"0-25"
16.67765369,55.14932413,-5.93261528015137,"0-25"
19.27765369,55.34932413,-4.27945327758789,"50-75"
16.57765369,55.04932413,-3.1754355430603,"75-100"
15.67765369,54.54932413,-4.19338178634644,"50-75"
14.07765369,55.14932413,-6.51313781738281,"0-25"
18.17765369,55.24932413,-3.6301441192627,"50-75"
15.57765369,55.14932413,-8.13076782226562,"0-25"
15.87765369,55.44932413,-8.3391637802124,"0-25"
14.67765369,55.84932413,-4.79626798629761,"25-50"
14.87765369,55.64932413,-5.33623266220093,"25-50"
14.87765369,55.84932413,-4.71528339385986,"25-50"
16.27765369,55.24932413,-8.18632888793945,"0-25"
19.67765369,56.14932413,-4.69860219955444,"25-50"
19.47765369,56.04932413,-5.45198011398315,"0-25"
17.17765369,55.34932413,-3.96630167961121,"50-75"
15.57765369,54.54932413,-4.16459321975708,"50-75"
16.57765369,55.14932413,-3.45605444908142,"50-75"
16.47765369,55.34932413,-6.98506116867065,"0-25"
15.97765369,54.84932413,-4.11610221862793,"50-75"
18.37765369,55.64932413,-4.17458629608154,"50-75"
14.37765369,55.34932413,-3.38988900184631,"50-75"
14.47765369,55.44932413,-3.90358591079712,"50-75"
16.47765369,55.74932413,-5.99920034408569,"0-25"
18.27765369,55.14932413,-3.62313985824585,"50-75"
19.57765369,55.94932413,-3.06495809555054,"75-100"
14.47765369,55.34932413,-4.89666795730591,"25-50"
19.27765369,55.44932413,-3.98669528961182,"50-75"
14.57765369,55.34932413,-4.36586093902588,"25-50"
16.67765369,55.44932413,-7.18535757064819,"0-25"
20.17765369,56.04932413,-3.06900644302368,"75-100"
16.57765369,55.44932413,-7.09555435180664,"0-25"
20.27765369,56.34932413,-3.12282609939575,"75-100"
19.67765369,55.74932413,-3.70094680786133,"50-75"
16.57765369,55.54932413,-5.74567174911499,"0-25"
15.67765369,55.04932413,-8.4292163848877,"0-25"
15.27765369,54.54932413,-6.28645801544189,"0-25"
16.47765369,55.14932413,-5.27894449234009,"25-50"
16.37765369,55.04932413,-3.6157865524292,"50-75"
14.57765369,55.44932413,-4.44616413116455,"25-50"
16.27765369,55.14932413,-8.03171348571777,"0-25"
20.27765369,56.14932413,-5.35156869888306,"25-50"
20.27765369,56.24932413,-3.04973554611206,"75-100"
17.97765369,55.54932413,-3.8974437713623,"50-75"
15.37765369,54.84932413,-7.13978004455566,"0-25"
18.07765369,55.24932413,-3.89104247093201,"50-75"
16.47765369,55.04932413,-6.13203811645508,"0-25"
16.37765369,55.14932413,-5.4710168838501,"0-25"
18.07765369,55.64932413,-3.89468336105347,"50-75"
19.47765369,55.94932413,-3.16421556472778,"75-100"
17.67765369,55.54932413,-3.90068030357361,"50-75"
11.57765369,54.44932413,-6.51223421096802,"0-25"
17.07765369,56.34932413,-3.21386051177979,"75-100"
17.97765369,56.14932413,-3.3476505279541,"75-100"
17.77765369,56.34932413,-5.55456781387329,"0-25"
17.87765369,56.44932413,-3.33045172691345,"75-100"
17.97765369,56.24932413,-7.72043466567993,"0-25"
17.87765369,56.24932413,-5.49450874328613,"0-25"
17.87765369,56.34932413,-5.22843313217163,"25-50"
15.37765369,55.74932413,-5.04080724716187,"25-50"
19.77765369,56.14932413,-4.73488330841064,"25-50"
17.17765369,56.44932413,-3.3466522693634,"75-100"
19.57765369,55.74932413,-3.74485445022583,"50-75"
20.17765369,56.14932413,-5.46460676193237,"0-25"
17.17765369,56.34932413,-3.16439628601074,"75-100"
20.17765369,56.24932413,-3.09087038040161,"75-100"
14.87765369,54.64932413,-3.83960485458374,"50-75"
16.87765369,55.34932413,-7.33633947372437,"0-25"
19.27765369,56.44932413,-7.51153182983398,"0-25"
17.27765369,55.34932413,-4.44958639144897,"25-50"
16.97765369,56.34932413,-3.6442084312439,"50-75"
17.87765369,55.54932413,-5.07124948501587,"25-50"
17.97765369,55.44932413,-4.98713111877441,"25-50"
19.47765369,55.84932413,-3.30172801017761,"75-100"
14.87765369,56.04932413,-4.74434757232666,"25-50"
19.37765369,55.54932413,-4.04608678817749,"50-75"
18.47765369,55.94932413,-4.52769136428833,"25-50"
17.97765369,55.24932413,-4.18256235122681,"50-75"
18.47765369,55.84932413,-4.45206260681152,"25-50"
19.47765369,55.74932413,-3.61947894096375,"50-75"
19.47765369,55.64932413,-3.88716125488281,"50-75"
17.67765369,55.44932413,-4.45710420608521,"25-50"
19.27765369,55.64932413,-3.91257810592651,"50-75"
15.37765369,55.84932413,-5.0074348449707,"25-50"
19.37765369,55.94932413,-5.74940872192383,"0-25"
19.87765369,56.14932413,-4.84658527374268,"25-50"
19.77765369,56.04932413,-3.12543106079102,"75-100"
19.87765369,56.04932413,-3.16343069076538,"75-100"
17.27765369,56.34932413,-3.89811587333679,"50-75"
19.37765369,55.64932413,-3.80846834182739,"50-75"
15.07765369,54.84932413,-6.34139204025269,"0-25"
17.77765369,55.54932413,-4.52096033096313,"25-50"
18.07765369,55.74932413,-4.0947380065918,"50-75"
14.97765369,55.24932413,-3.32981371879578,"75-100"
19.07765369,55.74932413,-3.93966269493103,"50-75"
17.37765369,55.34932413,-4.54506301879883,"25-50"
19.17765369,56.34932413,-4.63358688354492,"25-50"
17.27765369,56.44932413,-3.45415019989014,"50-75"
19.37765369,55.74932413,-3.64039778709412,"50-75"
19.37765369,55.84932413,-3.41415452957153,"50-75"
15.47765369,55.74932413,-4.94618701934814,"25-50"
19.17765369,56.44932413,-7.31016159057617,"0-25"
17.87765369,55.24932413,-4.55062389373779,"25-50"
15.57765369,55.74932413,-5.43299055099487,"0-25"
19.17765369,55.74932413,-3.7562460899353,"50-75"
19.27765369,55.74932413,-3.61817288398743,"50-75"
13.17765369,55.04932413,-3.27520322799683,"75-100"
17.37765369,56.34932413,-3.13223886489868,"75-100"
15.87765369,55.64932413,-8.68250370025635,"0-25"
14.57765369,55.54932413,-4.54659700393677,"25-50"
15.17765369,55.14932413,-3.7143566608429,"50-75"
15.17765369,54.74932413,-4.42032623291016,"25-50"
17.77765369,55.44932413,-4.97378444671631,"25-50"
15.07765369,54.74932413,-4.44192743301392,"25-50"
16.97765369,56.24932413,-3.41752648353577,"50-75"
17.77765369,56.24932413,-3.1568763256073,"75-100"
17.27765369,55.14932413,-4.60114765167236,"25-50"
15.27765369,55.64932413,-6.81715726852417,"0-25"
17.37765369,55.14932413,-4.18283843994141,"50-75"
15.17765369,54.84932413,-6.64049386978149,"0-25"
19.27765369,55.84932413,-3.52531766891479,"50-75"
14.97765369,55.84932413,-4.80824565887451,"25-50"
18.07765369,55.94932413,-3.3191990852356,"75-100"
16.97765369,55.44932413,-5.08838415145874,"25-50"
15.77765369,55.74932413,-3.32236647605896,"75-100"
18.07765369,55.84932413,-3.71165704727173,"50-75"
17.47765369,55.34932413,-4.86151790618896,"25-50"
15.17765369,54.54932413,-6.1930136680603,"0-25"
17.87765369,56.14932413,-5.70770263671875,"0-25"
17.47765369,56.34932413,-3.29659056663513,"75-100"
15.97765369,54.94932413,-6.82305097579956,"0-25"
17.37765369,56.44932413,-3.64833331108093,"50-75"
14.97765369,55.94932413,-7.08322811126709,"0-25"
17.77765369,56.14932413,-5.53928565979004,"0-25"
15.57765369,55.84932413,-4.71611309051514,"25-50"
14.57765369,55.64932413,-6.08233118057251,"0-25"
19.07765369,56.24932413,-6.54176473617554,"0-25"
17.67765369,55.94932413,-4.30940914154053,"25-50"
15.87765369,55.84932413,-3.33929228782654,"75-100"
14.97765369,54.54932413,-3.33210611343384,"75-100"
14.47765369,55.54932413,-4.05316066741943,"50-75"
15.07765369,54.54932413,-5.89645528793335,"0-25"
17.47765369,55.14932413,-4.0968976020813,"50-75"
14.57765369,55.74932413,-4.94660377502441,"25-50"
15.17765369,55.24932413,-5.57466602325439,"0-25"
15.87765369,55.74932413,-4.86971282958984,"25-50"
15.27765369,55.74932413,-5.02543878555298,"25-50"
16.17765369,54.84932413,-3.66892099380493,"50-75"
15.17765369,55.74932413,-5.16299772262573,"25-50"
17.47765369,56.44932413,-4.00745153427124,"50-75"
18.67765369,56.44932413,-3.7282702922821,"50-75"
18.77765369,56.44932413,-4.16475009918213,"50-75"
18.97765369,56.24932413,-6.47837924957275,"0-25"
17.77765369,56.44932413,-3.7194938659668,"50-75"
15.47765369,55.84932413,-4.91345119476318,"25-50"
14.47765369,55.74932413,-4.98993158340454,"25-50"
17.67765369,56.44932413,-3.49418163299561,"50-75"
17.57765369,56.44932413,-3.26598024368286,"75-100"
15.07765369,55.84932413,-4.94235801696777,"25-50"
15.07765369,55.94932413,-4.7803258895874,"25-50"
17.07765369,55.34932413,-5.23474836349487,"25-50"
18.47765369,56.24932413,-3.71407651901245,"50-75"
15.07765369,56.04932413,-4.67037010192871,"25-50"
15.57765369,55.94932413,-4.5986762046814,"25-50"
18.87765369,56.14932413,-6.53242158889771,"0-25"
17.97765369,56.04932413,-3.83171653747559,"50-75"
15.47765369,55.94932413,-4.66320753097534,"25-50"
16.37765369,55.74932413,-3.77156376838684,"50-75"
15.17765369,55.84932413,-5.14885711669922,"25-50"
18.67765369,56.34932413,-4.35324907302856,"25-50"
15.27765369,55.94932413,-4.81255769729614,"25-50"
16.07765369,54.84932413,-6.64734268188477,"0-25"
15.17765369,56.04932413,-4.6199517250061,"25-50"
14.47765369,55.64932413,-5.53320837020874,"0-25"
15.27765369,55.84932413,-5.22889041900635,"25-50"
15.17765369,55.94932413,-4.7181601524353,"25-50"
15.37765369,55.94932413,-4.95020961761475,"25-50"
18.57765369,56.34932413,-3.66867327690125,"50-75"
18.57765369,56.24932413,-4.33633995056152,"25-50"
15.97765369,55.84932413,-4.25641536712646,"50-75"
16.17765369,55.84932413,-4.51587295532227,"25-50"
16.17765369,55.94932413,-3.53987717628479,"50-75"
16.07765369,55.84932413,-3.64841985702515,"50-75"
16.37765369,55.84932413,-3.62517189979553,"50-75"
16.47765369,55.94932413,-4.04755973815918,"50-75"
16.27765369,55.84932413,-4.27281808853149,"50-75"
16.27765369,55.94932413,-4.54972791671753,"25-50"
16.17765369,56.04932413,-4.6381573677063,"25-50"
16.17765369,55.64932413,-6.20567846298218,"0-25"
15.77765369,55.04932413,-8.3679838180542,"0-25"
18.87765369,55.44932413,-3.9244225025177,"50-75"
18.87765369,55.34932413,-3.94880175590515,"50-75"
15.57765369,54.84932413,-6.76250743865967,"0-25"
18.77765369,55.34932413,-3.89287757873535,"50-75"
18.77765369,55.24932413,-3.9946346282959,"50-75"
18.67765369,55.24932413,-3.99793291091919,"50-75"
19.37765369,56.44932413,-4.97521638870239,"25-50"
19.47765369,56.34932413,-6.07078266143799,"0-25"
19.37765369,56.34932413,-6.39339017868042,"0-25"
19.47765369,56.44932413,-4.90302801132202,"25-50"
18.77765369,55.44932413,-3.85157656669617,"50-75"
18.77765369,55.54932413,-3.79040169715881,"50-75"
18.77765369,55.14932413,-4.10269165039062,"50-75"
18.87765369,55.54932413,-3.81193590164185,"50-75"
18.97765369,55.44932413,-3.97335767745972,"50-75"
18.67765369,55.34932413,-3.76503205299377,"50-75"
18.67765369,55.44932413,-3.65302395820618,"50-75"
19.37765369,56.24932413,-6.32331562042236,"0-25"
19.57765369,56.44932413,-4.7743091583252,"25-50"
18.87765369,55.64932413,-3.78015851974487,"50-75"
18.87765369,55.14932413,-4.04005908966064,"50-75"
18.97765369,55.14932413,-4.17830324172974,"50-75"
18.97765369,55.04932413,-4.29269886016846,"50-75"
18.87765369,55.04932413,-4.14372539520264,"50-75"
18.97765369,54.94932413,-4.38843822479248,"25-50"
19.47765369,56.14932413,-5.74607133865356,"0-25"
18.57765369,55.34932413,-3.74035477638245,"50-75"
18.87765369,55.24932413,-3.98342037200928,"50-75"
18.17765369,55.54932413,-3.91150188446045,"50-75"
18.07765369,55.44932413,-3.69777417182922,"50-75"
18.27765369,55.54932413,-4.17977666854858,"50-75"
18.17765369,55.44932413,-3.78073072433472,"50-75"
18.27765369,55.44932413,-3.73617935180664,"50-75"
18.37765369,55.54932413,-4.05019474029541,"50-75"
18.17765369,55.34932413,-3.64967584609985,"50-75"
19.17765369,55.54932413,-3.95137786865234,"50-75"
18.97765369,55.74932413,-3.84264516830444,"50-75"
19.07765369,55.54932413,-3.94549655914307,"50-75"
18.97765369,55.54932413,-3.89704203605652,"50-75"
20.07765369,55.54932413,-4.06812620162964,"50-75"
20.07765369,55.64932413,-4.27674007415771,"50-75"
18.97765369,55.34932413,-6.0896110534668,"0-25"
19.57765369,56.24932413,-5.86962223052979,"0-25"
18.37765369,55.44932413,-3.77837729454041,"50-75"
18.47765369,55.54932413,-3.90937924385071,"50-75"
18.57765369,55.64932413,-3.81301832199097,"50-75"
18.67765369,55.54932413,-3.74440622329712,"50-75"
18.57765369,55.54932413,-3.7349488735199,"50-75"
18.47765369,55.44932413,-3.70588827133179,"50-75"
18.57765369,55.44932413,-3.6973032951355,"50-75"
18.47765369,55.34932413,-3.62737917900085,"50-75"
19.07765369,55.44932413,-4.29045438766479,"50-75"
19.07765369,54.64932413,-4.69935512542725,"25-50"
19.07765369,54.84932413,-4.58296203613281,"25-50"
19.07765369,55.04932413,-4.10645198822021,"50-75"
20.17765369,55.54932413,-3.65665459632874,"50-75"
19.47765369,56.24932413,-6.32604169845581,"0-25"
18.07765369,55.54932413,-3.77627992630005,"50-75"
18.97765369,55.24932413,-4.01285791397095,"50-75"
19.07765369,55.14932413,-4.12736368179321,"50-75"
19.97765369,55.54932413,-4.26231050491333,"50-75"
19.17765369,55.14932413,-4.25622415542603,"50-75"
19.57765369,56.34932413,-4.29113531112671,"50-75"
19.97765369,55.64932413,-4.39284086227417,"25-50"
19.87765369,55.64932413,-4.37067365646362,"25-50"
20.27765369,55.64932413,-3.73405981063843,"50-75"
17.97765369,55.64932413,-4.0186710357666,"50-75"
19.27765369,55.24932413,-4.34201622009277,"25-50"
20.17765369,55.64932413,-3.84175276756287,"50-75"
18.97765369,54.44932413,-5.29232168197632,"25-50"
19.57765369,56.14932413,-5.40481996536255,"0-25"
19.67765369,56.34932413,-4.09827613830566,"50-75"
20.37765369,56.44932413,-3.15228199958801,"75-100"
18.87765369,54.54932413,-6.1175389289856,"0-25"
14.07765369,54.04932413,-3.73348689079285,"50-75"
19.77765369,55.74932413,-3.75603747367859,"50-75"
19.97765369,55.74932413,-3.82645678520203,"50-75"
19.87765369,55.74932413,-3.82593417167664,"50-75"
15.77765369,55.24932413,-8.19811916351318,"0-25"
18.37765369,56.14932413,-5.7859845161438,"0-25"
18.37765369,56.04932413,-4.16133117675781,"50-75"
18.37765369,55.94932413,-4.41969156265259,"25-50"
18.47765369,56.14932413,-6.96455574035645,"0-25"
18.47765369,56.04932413,-4.53252506256104,"25-50"
10.17765369,54.84932413,-5.97579050064087,"0-25"
19.17765369,55.04932413,-4.2810001373291,"50-75"
15.87765369,55.14932413,-7.95622396469116,"0-25"
20.07765369,55.74932413,-3.72331357002258,"50-75"
10.57765369,56.84932413,-3.14968323707581,"75-100"
10.67765369,56.74932413,-3.06949377059937,"75-100"
20.47765369,55.54932413,-3.58355164527893,"50-75"
20.27765369,56.44932413,-3.51428747177124,"50-75"
9.777653694,55.14932413,-3.1961236000061,"75-100"
10.47765369,56.54932413,-3.25033807754517,"75-100"
20.17765369,55.74932413,-3.67384958267212,"50-75"
19.87765369,55.84932413,-3.46062517166138,"50-75"
20.47765369,55.14932413,-2.90252017974854,"75-100"
11.67765369,54.24932413,-5.08581447601318,"25-50"
10.57765369,55.64932413,-3.18007230758667,"75-100"
19.07765369,54.74932413,-4.72217416763306,"25-50"
16.07765369,55.54932413,-6.3232216835022,"0-25"
10.57765369,56.54932413,-3.09303045272827,"75-100"
11.67765369,57.24932413,-4.04539585113525,"50-75"
11.67765369,57.44932413,-4.2851128578186,"50-75"
20.77765369,55.74932413,-3.241131067276,"75-100"
12.17765369,55.14932413,-2.68471837043762,"75-100"
19.97765369,55.84932413,-3.48306322097778,"50-75"
12.77765369,55.04932413,-5.65870714187622,"0-25"
10.27765369,54.94932413,-3.04735517501831,"75-100"
11.77765369,54.34932413,-4.828932762146,"25-50"
10.07765369,54.94932413,-3.76267862319946,"50-75"
16.07765369,55.14932413,-7.92164421081543,"0-25"
20.47765369,55.64932413,-4.15470695495605,"50-75"
12.57765369,55.14932413,-2.86159324645996,"75-100"
20.37765369,55.64932413,-3.90685844421387,"50-75"
20.57765369,55.54932413,-3.91555070877075,"50-75"
9.777653694,54.84932413,-3.13048338890076,"75-100"
20.47765369,55.04932413,-2.9530827999115,"75-100"
14.57765369,55.14932413,-3.82944512367249,"50-75"
19.97765369,55.94932413,-3.28505897521973,"75-100"
13.47765369,54.14932413,-4.04191207885742,"50-75"
14.57765369,54.84932413,-2.99250650405884,"75-100"
13.47765369,54.74932413,-3.68992328643799,"50-75"
13.57765369,54.14932413,-3.9990508556366,"50-75"
19.67765369,56.24932413,-5.62446975708008,"0-25"
19.77765369,56.34932413,-6.18411064147949,"0-25"
19.67765369,56.44932413,-4.78968667984009,"25-50"
14.87765369,55.34932413,-5.84602928161621,"0-25"
14.97765369,55.34932413,-5.89080142974854,"0-25"
18.37765369,55.34932413,-3.61661148071289,"50-75"
20.67765369,55.54932413,-3.96280956268311,"50-75"
13.87765369,54.94932413,-5.95048379898071,"0-25"
12.77765369,55.14932413,-5.34275007247925,"25-50"
11.07765369,56.04932413,-3.3800196647644,"50-75"
11.17765369,55.94932413,-3.7094190120697,"50-75"
11.07765369,55.84932413,-2.90544486045837,"75-100"
10.67765369,56.54932413,-3.05971169471741,"75-100"
10.37765369,54.74932413,-4.9699068069458,"25-50"
15.97765369,55.14932413,-7.91790390014648,"0-25"
14.47765369,55.14932413,-5.98518371582031,"0-25"
14.47765369,55.04932413,-3.2046422958374,"75-100"
13.67765369,54.44932413,-3.51595306396484,"50-75"
9.877653694,55.14932413,-5.38069295883179,"0-25"
20.97765369,55.64932413,-4.73330497741699,"25-50"
20.87765369,55.74932413,-3.29141068458557,"75-100"
20.77765369,55.54932413,-5.04722547531128,"25-50"
11.67765369,57.34932413,-4.52414464950562,"25-50"
10.67765369,54.44932413,-4.75459480285645,"25-50"
11.97765369,54.34932413,-3.79122424125671,"50-75"
11.27765369,56.84932413,-5.16726779937744,"25-50"
20.87765369,54.94932413,-5.56306314468384,"0-25"
12.47765369,56.54932413,-3.42940998077393,"50-75"
12.67765369,56.54932413,-3.18057584762573,"75-100"
20.97765369,55.44932413,-2.97217273712158,"75-100"
10.17765369,54.74932413,-5.30897617340088,"25-50"
10.17765369,54.94932413,-3.48834991455078,"50-75"
13.37765369,54.74932413,-3.63622713088989,"50-75"
10.87765369,56.84932413,-3.13690519332886,"75-100"
11.97765369,57.24932413,-4.56205129623413,"25-50"
11.87765369,57.14932413,-7.65588569641113,"0-25"
12.17765369,57.04932413,-4.45316934585571,"25-50"
20.97765369,54.94932413,-5.39696025848389,"0-25"
10.27765369,54.44932413,-4.75840044021606,"25-50"
13.17765369,54.74932413,-3.87261891365051,"50-75"
11.67765369,57.14932413,-3.5202100276947,"50-75"
15.97765369,55.24932413,-8.07513046264648,"0-25"
11.97765369,57.14932413,-4.78841829299927,"25-50"
12.07765369,57.14932413,-3.81543278694153,"50-75"
14.37765369,55.04932413,-5.52135896682739,"0-25"
21.07765369,54.94932413,-5.3462929725647,"25-50"
10.77765369,56.74932413,-2.98078918457031,"75-100"
10.67765369,56.64932413,-3.11334156990051,"75-100"
10.87765369,56.74932413,-3.15736389160156,"75-100"
20.97765369,55.04932413,-5.17418098449707,"25-50"
10.47765369,55.74932413,-3.19123458862305,"75-100"
14.67765369,54.64932413,-3.99067401885986,"50-75"
10.27765369,54.64932413,-4.78036499023438,"25-50"
19.97765369,55.44932413,-3.94487452507019,"50-75"
14.07765369,54.94932413,-5.00830554962158,"25-50"
20.17765369,55.84932413,-3.38817882537842,"50-75"
11.57765369,57.14932413,-4.73852682113647,"25-50"
12.07765369,57.04932413,-4.71431636810303,"25-50"
14.27765369,55.14932413,-4.10691452026367,"50-75"
21.17765369,55.24932413,-5.30890083312988,"25-50"
11.67765369,57.04932413,-6.43666887283325,"0-25"
11.87765369,54.54932413,-2.90660095214844,"75-100"
20.87765369,55.24932413,-3.34344244003296,"75-100"
13.97765369,54.94932413,-5.46719217300415,"0-25"
10.47765369,55.94932413,-3.21998357772827,"75-100"
10.57765369,56.04932413,-3.20842385292053,"75-100"
10.67765369,55.94932413,-2.98127102851868,"75-100"
14.37765369,55.14932413,-5.13370180130005,"25-50"
12.17765369,54.54932413,-3.23017692565918,"75-100"
12.17765369,56.84932413,-4.51435613632202,"25-50"
19.17765369,54.74932413,-4.48407936096191,"25-50"
20.07765369,55.84932413,-3.53069591522217,"50-75"
11.87765369,57.04932413,-3.91880893707275,"50-75"
10.37765369,56.04932413,-5.36720418930054,"0-25"
14.17765369,55.04932413,-5.45203304290771,"0-25"
11.67765369,54.34932413,-4.92523574829102,"25-50"
14.27765369,54.94932413,-7.05610752105713,"0-25"
10.17765369,54.64932413,-4.88664436340332,"25-50"
10.47765369,56.04932413,-6.14940309524536,"0-25"
14.07765369,55.04932413,-5.7739052772522,"0-25"
15.27765369,55.54932413,-7.10163545608521,"0-25"
10.27765369,54.74932413,-5.09629392623901,"25-50"
11.07765369,54.04932413,-3.57096123695374,"50-75"
11.17765369,54.04932413,-3.90012836456299,"50-75"
10.97765369,54.04932413,-3.46632814407349,"50-75"
11.27765369,54.14932413,-3.49662947654724,"50-75"
12.17765369,56.94932413,-5.40084218978882,"0-25"
14.17765369,54.94932413,-7.22297143936157,"0-25"
14.17765369,54.84932413,-7.13406753540039,"0-25"
14.27765369,55.04932413,-4.92579317092896,"25-50"
12.17765369,56.24932413,-3.40015625953674,"50-75"
12.27765369,54.54932413,-3.50520706176758,"50-75"
13.97765369,54.84932413,-4.89146137237549,"25-50"
16.07765369,55.24932413,-7.97642660140991,"0-25"
11.27765369,55.84932413,-2.82879829406738,"75-100"
12.17765369,54.34932413,-3.00732398033142,"75-100"
10.47765369,54.64932413,-4.63793468475342,"25-50"
10.37765369,55.94932413,-3.00558710098267,"75-100"
15.97765369,55.04932413,-8.0616626739502,"0-25"
13.87765369,54.74932413,-4.87332820892334,"25-50"
10.97765369,55.14932413,-3.57041335105896,"50-75"
10.37765369,55.64932413,-3.43136715888977,"50-75"
11.97765369,56.34932413,-4.74365520477295,"25-50"
11.77765369,56.34932413,-3.13719177246094,"75-100"
11.97765369,57.04932413,-4.82375812530518,"25-50"
13.77765369,54.54932413,-4.07332515716553,"50-75"
15.47765369,55.54932413,-6.26474332809448,"0-25"
11.77765369,56.94932413,-5.07993650436401,"25-50"
19.27765369,55.04932413,-4.38225889205933,"25-50"
13.27765369,54.74932413,-3.54911136627197,"50-75"
11.07765369,55.94932413,-3.53208541870117,"50-75"
9.677653694,55.34932413,-3.05156445503235,"75-100"
9.777653694,55.34932413,-2.94288969039917,"75-100"
19.27765369,55.14932413,-4.29511547088623,"50-75"
11.37765369,56.04932413,-3.12251687049866,"75-100"
12.07765369,56.94932413,-4.80071544647217,"25-50"
15.57765369,55.54932413,-5.87840986251831,"0-25"
15.57765369,55.44932413,-8.04920768737793,"0-25"
14.07765369,54.84932413,-7.27603816986084,"0-25"
13.97765369,54.74932413,-5.23570966720581,"25-50"
11.57765369,57.24932413,-5.51243543624878,"0-25"
10.47765369,55.84932413,-3.37191009521484,"50-75"
12.27765369,56.84932413,-8.2854175567627,"0-25"
11.97765369,56.74932413,-4.27345371246338,"50-75"
11.77765369,56.74932413,-4.45090627670288,"25-50"
10.17765369,55.64932413,-3.38420009613037,"50-75"
13.07765369,54.84932413,-5.20023250579834,"25-50"
15.07765369,55.44932413,-6.4477276802063,"0-25"
13.57765369,54.74932413,-5.42034816741943,"0-25"
10.87765369,55.94932413,-3.10642576217651,"75-100"
13.87765369,54.84932413,-7.48857450485229,"0-25"
10.87765369,55.44932413,-3.53172135353088,"50-75"
15.27765369,55.34932413,-7.66831302642822,"0-25"
10.77765369,56.04932413,-3.19132566452026,"75-100"
12.37765369,56.74932413,-6.50002861022949,"0-25"
13.57765369,54.84932413,-5.5799241065979,"0-25"
14.07765369,54.74932413,-4.84324884414673,"25-50"
13.87765369,55.04932413,-5.4465799331665,"0-25"
10.97765369,55.94932413,-3.19547772407532,"75-100"
12.27765369,56.74932413,-6.80685424804688,"0-25"
11.37765369,57.54932413,-5.5896897315979,"0-25"
11.17765369,57.54932413,-7.11674213409424,"0-25"
11.47765369,57.24932413,-4.67381286621094,"25-50"
11.47765369,56.14932413,-3.06903433799744,"75-100"
13.27765369,54.84932413,-4.8813214302063,"25-50"
13.47765369,55.04932413,-7.25973176956177,"0-25"
13.47765369,54.94932413,-3.63611054420471,"50-75"
12.57765369,56.54932413,-3.36482834815979,"75-100"
13.57765369,54.94932413,-4.99173021316528,"25-50"
10.47765369,54.74932413,-5.06054782867432,"25-50"
11.67765369,56.74932413,-3.46582412719727,"50-75"
11.27765369,55.04932413,-2.86317276954651,"75-100"
11.87765369,56.64932413,-4.547767162323,"25-50"
10.27765369,55.64932413,-3.21546673774719,"75-100"
12.07765369,56.84932413,-4.66142559051514,"25-50"
15.17765369,55.54932413,-6.34521436691284,"0-25"
15.97765369,54.74932413,-3.56498241424561,"50-75"
10.37765369,54.54932413,-4.68320608139038,"25-50"
17.57765369,55.34932413,-4.10607481002808,"50-75"
13.77765369,54.84932413,-5.84412908554077,"0-25"
12.07765369,56.64932413,-5.28817462921143,"25-50"
11.67765369,56.54932413,-5.43037271499634,"0-25"
11.57765369,56.14932413,-3.25588750839233,"75-100"
12.37765369,56.64932413,-6.57898426055908,"0-25"
12.07765369,56.74932413,-4.51085233688354,"25-50"
11.77765369,56.64932413,-5.40341186523438,"0-25"
11.47765369,54.44932413,-6.07390451431274,"0-25"
15.17765369,55.64932413,-3.84956884384155,"50-75"
11.07765369,55.14932413,-5.35207319259644,"25-50"
19.87765369,55.54932413,-4.25671577453613,"50-75"
13.77765369,54.64932413,-3.81260395050049,"50-75"
13.37765369,54.94932413,-3.39542961120605,"50-75"
13.77765369,54.94932413,-5.04451370239258,"25-50"
11.57765369,56.44932413,-4.9789400100708,"25-50"
11.77765369,56.44932413,-6.82849502563477,"0-25"
13.47765369,54.84932413,-5.54073333740234,"0-25"
11.17765369,56.14932413,-3.08161187171936,"75-100"
11.07765369,55.34932413,-4.31100749969482,"25-50"
10.57765369,54.54932413,-5.05184984207153,"25-50"
11.67765369,56.34932413,-5.51578903198242,"0-25"
15.97765369,55.74932413,-3.92660880088806,"50-75"
11.47765369,54.24932413,-5.14081001281738,"25-50"
11.47765369,54.04932413,-3.2348690032959,"75-100"
11.47765369,57.14932413,-3.83409762382507,"50-75"
11.07765369,56.14932413,-3.37955236434937,"50-75"
12.17765369,56.74932413,-4.86168956756592,"25-50"
19.17765369,54.54932413,-6.23271894454956,"0-25"
11.97765369,56.64932413,-3.17106318473816,"75-100"
13.17765369,54.84932413,-5.48444366455078,"0-25"
15.97765369,55.54932413,-6.39198732376099,"0-25"
11.77765369,56.54932413,-4.78018951416016,"25-50"
19.17765369,54.64932413,-6.04328203201294,"0-25"
19.17765369,54.84932413,-4.35155344009399,"25-50"
12.17765369,56.14932413,-3.34635305404663,"75-100"
10.77765369,54.54932413,-5.72822523117065,"0-25"
13.67765369,54.94932413,-3.81562829017639,"50-75"
10.97765369,56.14932413,-3.46575713157654,"50-75"
13.67765369,54.74932413,-5.30940866470337,"25-50"
10.87765369,56.14932413,-3.15875005722046,"75-100"
13.37765369,54.84932413,-5.97474479675293,"0-25"
13.77765369,55.04932413,-5.04506826400757,"25-50"
10.47765369,54.54932413,-4.74259328842163,"25-50"
13.87765369,55.14932413,-6.38187026977539,"0-25"
11.47765369,54.94932413,-2.74831128120422,"75-100"
11.77765369,56.84932413,-5.78520393371582,"0-25"
15.07765369,55.54932413,-7.08645677566528,"0-25"
12.17765369,56.64932413,-4.82456684112549,"25-50"
18.97765369,54.64932413,-5.18673038482666,"25-50"
11.57765369,55.04932413,-2.81749153137207,"75-100"
11.37765369,54.14932413,-3.42068433761597,"50-75"
11.27765369,55.14932413,-3.16466641426086,"75-100"
11.37765369,55.04932413,-2.96414160728455,"75-100"
15.87765369,55.24932413,-7.99983072280884,"0-25"
11.17765369,56.24932413,-3.0782458782196,"75-100"
15.07765369,55.64932413,-3.95884966850281,"50-75"
13.77765369,55.14932413,-6.61809301376343,"0-25"
12.07765369,56.24932413,-4.45620775222778,"25-50"
12.47765369,56.44932413,-3.30700969696045,"75-100"
11.97765369,56.44932413,-5.46497201919556,"0-25"
19.17765369,55.44932413,-4.03132247924805,"50-75"
20.17765369,56.44932413,-3.87526249885559,"50-75"
10.97765369,56.04932413,-3.33285546302795,"75-100"
10.37765369,54.44932413,-3.10039806365967,"75-100"
12.37765369,56.54932413,-3.82054829597473,"50-75"
14.87765369,55.54932413,-6.29275703430176,"0-25"
12.67765369,55.84932413,-3.87882471084595,"50-75"
13.67765369,54.84932413,-5.8101601600647,"0-25"
15.97765369,55.34932413,-8.32419681549072,"0-25"
11.77765369,55.74932413,-3.44153165817261,"50-75"
15.77765369,55.14932413,-8.2513952255249,"0-25"
14.97765369,55.64932413,-5.59804630279541,"0-25"
11.37765369,57.14932413,-3.30784606933594,"75-100"
11.37765369,54.44932413,-3.55968523025513,"50-75"
12.27765369,56.64932413,-4.27375888824463,"50-75"
14.77765369,54.64932413,-3.90474367141724,"50-75"
10.77765369,55.84932413,-3.2629132270813,"75-100"
10.57765369,54.64932413,-4.72275733947754,"25-50"
10.87765369,55.34932413,-3.35689043998718,"75-100"
10.97765369,55.44932413,-3.55054664611816,"50-75"
11.47765369,57.54932413,-5.22237205505371,"25-50"
19.97765369,55.34932413,-3.76468873023987,"50-75"
10.47765369,55.64932413,-3.32240605354309,"75-100"
15.57765369,55.24932413,-8.16349792480469,"0-25"
11.47765369,57.44932413,-6.16453123092651,"0-25"
12.17765369,56.34932413,-3.3571834564209,"75-100"
15.67765369,55.44932413,-7.87037992477417,"0-25"
12.07765369,56.44932413,-4.23207759857178,"50-75"
13.57765369,55.04932413,-4.96376323699951,"25-50"
13.27765369,55.04932413,-4.94575023651123,"25-50"
15.27765369,55.04932413,-7.44230651855469,"0-25"
12.47765369,56.64932413,-3.59875202178955,"50-75"
14.97765369,55.54932413,-7.52988147735596,"0-25"
11.97765369,56.84932413,-7.0564136505127,"0-25"
15.57765369,54.94932413,-6.58710718154907,"0-25"
19.07765369,54.94932413,-4.444411277771,"25-50"
11.87765369,54.34932413,-3.47347927093506,"50-75"
16.27765369,55.64932413,-6.15960502624512,"0-25"
13.67765369,55.04932413,-5.05354881286621,"25-50"
12.27765369,56.34932413,-3.9010169506073,"50-75"
10.67765369,54.54932413,-6.32645511627197,"0-25"
13.97765369,55.04932413,-5.10127258300781,"25-50"
14.77765369,55.54932413,-4.03906488418579,"50-75"
11.47765369,57.34932413,-6.11897277832031,"0-25"
12.27765369,56.24932413,-3.65612578392029,"50-75"
10.77765369,54.64932413,-4.21711111068726,"50-75"
12.27765369,56.54932413,-3.80913686752319,"50-75"
15.87765369,55.34932413,-8.12660026550293,"0-25"
10.77765369,57.34932413,-3.27294301986694,"75-100"
13.77765369,54.74932413,-3.6253457069397,"50-75"
11.27765369,57.54932413,-4.52705383300781,"25-50"
11.37765369,54.34932413,-5.13265705108643,"25-50"
11.27765369,54.34932413,-5.09894180297852,"25-50"
10.67765369,54.64932413,-3.53445029258728,"50-75"
15.27765369,55.44932413,-7.65681552886963,"0-25"
18.27765369,55.24932413,-3.62789750099182,"50-75"
19.37765369,55.04932413,-4.52376127243042,"25-50"
15.37765369,55.04932413,-7.55129241943359,"0-25"
13.57765369,55.14932413,-6.08975791931152,"0-25"
10.57765369,55.54932413,-3.44820690155029,"50-75"
15.67765369,55.14932413,-8.45931434631348,"0-25"
11.07765369,56.24932413,-3.61777901649475,"50-75"
15.67765369,54.94932413,-7.0181360244751,"0-25"
20.07765369,55.04932413,-3.37256050109863,"50-75"
11.17765369,57.44932413,-3.06978893280029,"75-100"
10.37765369,54.64932413,-4.9162130355835,"25-50"
12.37765369,56.34932413,-3.46216464042664,"50-75"
19.87765369,55.44932413,-4.16085958480835,"50-75"
19.77765369,55.64932413,-4.24105834960938,"50-75"
13.67765369,55.14932413,-6.1221227645874,"0-25"
15.47765369,55.04932413,-8.57573699951172,"0-25"
19.17765369,54.94932413,-4.36662244796753,"25-50"
16.07765369,55.34932413,-8.29275989532471,"0-25"
15.47765369,54.84932413,-6.7784366607666,"0-25"
10.77765369,57.54932413,-3.93246579170227,"50-75"
10.77765369,57.64932413,-4.58837461471558,"25-50"
19.37765369,55.14932413,-4.31787395477295,"25-50"
15.77765369,55.34932413,-8.45864486694336,"0-25"
11.87765369,54.24932413,-3.67326235771179,"50-75"
15.37765369,55.44932413,-7.57576894760132,"0-25"
16.37765369,55.44932413,-10.0252723693848,"0-25"
16.37765369,55.54932413,-6.12632608413696,"0-25"
10.77765369,55.54932413,-3.27464294433594,"75-100"
19.97765369,55.14932413,-4.10631656646729,"50-75"
14.67765369,55.54932413,-4.15138959884644,"50-75"
10.87765369,55.64932413,-3.23384070396423,"75-100"
11.17765369,57.34932413,-3.01319861412048,"75-100"
14.77765369,55.44932413,-6.61593770980835,"0-25"
15.87765369,54.64932413,-3.7244884967804,"50-75"
15.37765369,55.54932413,-6.63682222366333,"0-25"
15.67765369,55.34932413,-8.12131118774414,"0-25"
19.87765369,55.34932413,-3.89818930625916,"50-75"
15.47765369,55.44932413,-7.75890302658081,"0-25"
15.57765369,55.34932413,-8.3571310043335,"0-25"
14.87765369,55.44932413,-6.58793640136719,"0-25"
18.37765369,55.24932413,-3.79738855361938,"50-75"
19.97765369,55.04932413,-3.37251901626587,"50-75"
19.37765369,55.24932413,-4.36062145233154,"25-50"
11.07765369,55.54932413,-3.17428660392761,"75-100"
16.47765369,55.44932413,-7.33321762084961,"0-25"
19.47765369,55.04932413,-4.53768253326416,"25-50"
16.47765369,55.54932413,-6.08874797821045,"0-25"
16.37765369,55.64932413,-6.23031091690063,"0-25"
16.97765369,56.44932413,-5.87407493591309,"0-25"
16.27765369,55.74932413,-4.13039207458496,"50-75"
19.77765369,55.54932413,-4.26718950271606,"50-75"
14.67765369,55.44932413,-5.42262840270996,"0-25"
14.77765369,55.34932413,-4.02024412155151,"50-75"
19.77765369,55.84932413,-3.5224232673645,"50-75"
18.87765369,54.64932413,-5.74740934371948,"0-25"
19.87765369,55.24932413,-3.59451222419739,"50-75"
19.37765369,54.44932413,-4.08408737182617,"50-75"
10.77765369,55.64932413,-5.64556407928467,"0-25"
18.77765369,54.54932413,-4.09573745727539,"50-75"
19.27765369,54.94932413,-4.45719146728516,"25-50"
15.47765369,55.34932413,-7.81768703460693,"0-25"
19.87765369,55.14932413,-4.03931522369385,"50-75"
19.37765369,56.14932413,-6.14831924438477,"0-25"
19.77765369,56.24932413,-3.38656949996948,"50-75"
16.17765369,55.14932413,-8.08930206298828,"0-25"
16.47765369,55.64932413,-5.94185209274292,"0-25"
19.87765369,55.04932413,-3.36498761177063,"50-75"
15.47765369,55.64932413,-6.11113262176514,"0-25"
18.47765369,55.64932413,-3.92307829856873,"50-75"
19.47765369,55.14932413,-4.26808261871338,"50-75"
18.97765369,54.84932413,-4.82859134674072,"25-50"
18.07765369,55.34932413,-3.99558115005493,"50-75"
18.47765369,55.24932413,-3.92288875579834,"50-75"
18.97765369,54.74932413,-5.55486822128296,"0-25"
19.77765369,55.44932413,-4.4096040725708,"25-50"
19.57765369,55.04932413,-4.64045572280884,"25-50"
19.37765369,55.34932413,-4.40123319625854,"25-50"
15.47765369,54.74932413,-6.54690980911255,"0-25"
17.07765369,56.44932413,-5.57521915435791,"0-25"
15.67765369,55.24932413,-8.59382247924805,"0-25"
15.67765369,54.84932413,-6.54250049591064,"0-25"
19.57765369,54.94932413,-4.98998355865479,"25-50"
18.97765369,54.54932413,-5.28283929824829,"25-50"
19.67765369,54.94932413,-4.77320241928101,"25-50"
19.77765369,55.04932413,-3.62287378311157,"50-75"
19.37765369,54.94932413,-4.56429719924927,"25-50"
19.77765369,55.34932413,-4.24658250808716,"50-75"
19.67765369,55.04932413,-4.58144426345825,"25-50"
19.77765369,55.14932413,-4.33700466156006,"25-50"
19.77765369,55.24932413,-3.99333834648132,"50-75"
15.47765369,54.64932413,-4.38866186141968,"25-50"
19.47765369,55.24932413,-4.30643129348755,"25-50"
19.57765369,55.14932413,-4.40911912918091,"25-50"
19.47765369,54.94932413,-4.73124122619629,"25-50"
15.37765369,55.34932413,-7.74718856811523,"0-25"
15.47765369,55.24932413,-8.39826774597168,"0-25"
15.37765369,54.74932413,-6.41294622421265,"0-25"
19.67765369,55.64932413,-4.01590442657471,"50-75"
19.67765369,55.14932413,-4.43611621856689,"25-50"
15.17765369,55.44932413,-6.32048177719116,"0-25"
19.67765369,54.84932413,-4.54606437683105,"25-50"
19.67765369,55.24932413,-4.36746549606323,"25-50"
10.67765369,57.24932413,-3.23492956161499,"75-100"
19.57765369,55.24932413,-4.26768255233765,"50-75"
11.77765369,54.24932413,-5.64372634887695,"0-25"
15.37765369,55.64932413,-6.36825704574585,"0-25"
18.37765369,55.74932413,-4.46182298660278,"25-50"
19.67765369,55.54932413,-4.0675196647644,"50-75"
19.67765369,55.34932413,-4.2702841758728,"50-75"
19.47765369,55.34932413,-4.25636863708496,"50-75"
18.67765369,55.14932413,-4.39461612701416,"25-50"
19.67765369,55.44932413,-4.23400783538818,"50-75"
18.37765369,55.14932413,-3.83562088012695,"50-75"
18.87765369,54.94932413,-4.61945915222168,"25-50"
16.17765369,55.04932413,-8.08195495605469,"0-25"
18.37765369,55.84932413,-4.41968679428101,"25-50"
19.37765369,55.44932413,-4.21127891540527,"50-75"
15.77765369,55.44932413,-8.22104549407959,"0-25"
15.67765369,55.54932413,-6.03314781188965,"0-25"
18.77765369,55.04932413,-4.4816107749939,"25-50"
16.87765369,56.44932413,-5.65989398956299,"0-25"
19.27765369,56.24932413,-8.08444023132324,"0-25"
19.57765369,55.34932413,-4.28621673583984,"50-75"
19.27765369,55.54932413,-3.99293637275696,"50-75"
11.57765369,54.34932413,-4.96504974365234,"25-50"
20.17765369,56.34932413,-3.44981527328491,"50-75"
20.07765369,56.44932413,-3.99882173538208,"50-75"
15.37765369,54.64932413,-4.5542254447937,"25-50"
19.57765369,54.84932413,-5.52664804458618,"0-25"
11.47765369,54.34932413,-5.30574750900269,"25-50"
15.57765369,54.74932413,-4.36739730834961,"25-50"
18.67765369,55.64932413,-3.73976397514343,"50-75"
16.27765369,55.04932413,-4.42468214035034,"25-50"
18.77765369,55.64932413,-3.71720552444458,"50-75"
15.77765369,55.54932413,-6.4008207321167,"0-25"
19.17765369,55.64932413,-3.82552480697632,"50-75"
16.27765369,54.94932413,-6.01904916763306,"0-25"
19.57765369,55.44932413,-4.21482610702515,"50-75"
19.37765369,56.04932413,-5.63614940643311,"0-25"
19.87765369,56.24932413,-3.37522029876709,"50-75"
16.57765369,55.64932413,-6.01499128341675,"0-25"
19.97765369,56.44932413,-4.01226997375488,"50-75"
19.47765369,55.44932413,-4.25493860244751,"50-75"
18.47765369,55.74932413,-4.20698261260986,"50-75"
19.57765369,55.64932413,-3.97733116149902,"50-75"
10.77765369,57.44932413,-3.67229104042053,"50-75"
19.67765369,54.74932413,-4.41199731826782,"25-50"
19.57765369,55.54932413,-4.03745031356812,"50-75"
15.87765369,55.04932413,-8.09872150421143,"0-25"
11.37765369,54.24932413,-4.99674558639526,"25-50"
17.67765369,55.84932413,-3.58810448646545,"50-75"
13.27765369,54.94932413,-3.37747001647949,"50-75"
17.87765369,55.64932413,-3.97455596923828,"50-75"
15.77765369,54.64932413,-3.73364686965942,"50-75"
15.67765369,55.64932413,-6.01356744766235,"0-25"
15.57765369,54.64932413,-4.12911891937256,"50-75"
10.67765369,57.34932413,-3.49568915367126,"50-75"
15.67765369,54.64932413,-4.08887386322021,"50-75"
19.37765369,54.54932413,-5.90719223022461,"0-25"
19.57765369,54.54932413,-4.69222354888916,"25-50"
19.47765369,54.64932413,-5.08447265625,"25-50"
19.37765369,54.74932413,-5.12482690811157,"25-50"
15.37765369,55.24932413,-7.43306684494019,"0-25"
19.47765369,55.54932413,-4.04085159301758,"50-75"
10.67765369,57.64932413,-4.39184045791626,"25-50"
17.97765369,55.34932413,-4.48238945007324,"25-50"
15.17765369,55.34932413,-5.90569257736206,"0-25"
18.87765369,54.84932413,-5.4860897064209,"0-25"
18.77765369,54.74932413,-8.59422588348389,"0-25"
16.17765369,54.94932413,-6.03873586654663,"0-25"
19.47765369,54.84932413,-4.89302158355713,"25-50"
19.77765369,56.44932413,-4.38374042510986,"25-50"
15.57765369,55.64932413,-7.37506198883057,"0-25"
19.57765369,54.74932413,-6.42502117156982,"0-25"
15.27765369,54.74932413,-4.38282489776611,"25-50"
15.77765369,54.94932413,-6.70688104629517,"0-25"
19.27765369,56.14932413,-6.24919748306274,"0-25"
10.67765369,57.54932413,-3.44976568222046,"50-75"
17.87765369,55.74932413,-3.96521973609924,"50-75"
19.97765369,56.14932413,-5.56158018112183,"0-25"
19.97765369,56.04932413,-3.14932703971863,"75-100"
19.87765369,55.94932413,-3.35859084129333,"75-100"
19.37765369,54.84932413,-4.81036043167114,"25-50"
18.57765369,55.74932413,-4.0062894821167,"50-75"
18.47765369,55.04932413,-4.73813724517822,"25-50"
19.27765369,54.84932413,-4.57344961166382,"25-50"
15.67765369,54.74932413,-4.46916055679321,"25-50"
19.67765369,54.54932413,-3.59607362747192,"50-75"
19.97765369,56.24932413,-3.20950651168823,"75-100"
19.87765369,56.34932413,-3.71108460426331,"50-75"
19.87765369,56.44932413,-4.15915870666504,"50-75"
18.87765369,54.74932413,-7.3911566734314,"0-25"
20.07765369,56.34932413,-3.52102518081665,"50-75"
20.07765369,56.24932413,-3.147629737854,"75-100"
19.97765369,56.34932413,-3.52615928649902,"50-75"
17.77765369,55.74932413,-3.69835662841797,"50-75"
18.57765369,55.04932413,-4.84736967086792,"25-50"
18.77765369,54.94932413,-4.98768949508667,"25-50"
10.57765369,57.54932413,-3.25830149650574,"75-100"
15.87765369,55.54932413,-6.45301580429077,"0-25"
15.87765369,54.94932413,-6.4738335609436,"0-25"
18.47765369,55.14932413,-4.12468910217285,"50-75"
19.57765369,54.64932413,-6.43575954437256,"0-25"
17.97765369,55.84932413,-3.67792391777039,"50-75"
15.87765369,54.74932413,-3.75208973884583,"50-75"
13.37765369,55.04932413,-5.04956579208374,"25-50"
17.27765369,55.24932413,-4.94961071014404,"25-50"
13.47765369,55.14932413,-5.78693532943726,"0-25"
19.27765369,56.04932413,-6.02492952346802,"0-25"
10.97765369,57.64932413,-7.12139272689819,"0-25"
18.67765369,54.94932413,-5.59992218017578,"0-25"
10.87765369,57.64932413,-6.77100229263306,"0-25"
18.67765369,55.04932413,-4.93774890899658,"25-50"
18.57765369,54.94932413,-5.77046680450439,"0-25"
18.57765369,55.14932413,-5.2870659828186,"25-50"
11.57765369,54.14932413,-3.77967691421509,"50-75"
18.77765369,54.84932413,-7.61551952362061,"0-25"
12.27765369,56.14932413,-3.79625034332275,"50-75"
16.87765369,56.34932413,-3.92488265037537,"50-75"
11.47765369,54.14932413,-4.13719367980957,"50-75"
15.07765369,55.24932413,-3.45753836631775,"50-75"
15.77765369,54.84932413,-6.59082412719727,"0-25"
11.07765369,57.54932413,-6.89404153823853,"0-25"
18.87765369,55.74932413,-3.78855133056641,"50-75"
12.57765369,56.34932413,-3.63640809059143,"50-75"
19.47765369,54.74932413,-5.2088565826416,"25-50"
19.17765369,56.24932413,-6.62977266311646,"0-25"
18.67765369,55.74932413,-3.87866997718811,"50-75"
16.07765369,55.04932413,-8.19694519042969,"0-25"
14.97765369,54.64932413,-4.40678215026855,"25-50"
17.87765369,55.44932413,-4.89511680603027,"25-50"
17.87765369,55.34932413,-4.89553642272949,"25-50"
17.77765369,55.24932413,-4.80434894561768,"25-50"
17.77765369,55.34932413,-5.0462474822998,"25-50"
17.67765369,55.34932413,-5.0476541519165,"25-50"
17.67765369,55.24932413,-4.63118457794189,"25-50"
15.27765369,54.64932413,-4.13765811920166,"50-75"
19.27765369,55.94932413,-5.87892913818359,"0-25"
18.57765369,55.84932413,-4.2819504737854,"50-75"
18.77765369,55.74932413,-3.81866025924683,"50-75"
10.87765369,57.44932413,-3.62183380126953,"50-75"
19.17765369,56.14932413,-8.03945446014404,"0-25"
11.07765369,57.44932413,-3.15747737884521,"75-100"
10.67765369,57.44932413,-3.54050755500793,"50-75"
17.87765369,55.84932413,-3.81939029693604,"50-75"
17.97765369,55.74932413,-4.07549095153809,"50-75"
17.97765369,55.94932413,-3.54054617881775,"50-75"
19.07765369,56.44932413,-7.16607427597046,"0-25"
12.37765369,56.24932413,-4.56604862213135,"25-50"
13.17765369,55.14932413,-5.48469972610474,"0-25"
19.17765369,55.84932413,-3.86751556396484,"50-75"
19.07765369,56.34932413,-4.61057949066162,"25-50"
18.57765369,55.94932413,-6.5944504737854,"0-25"
19.17765369,56.04932413,-6.26505994796753,"0-25"
15.17765369,54.64932413,-4.65223407745361,"25-50"
13.37765369,55.14932413,-3.37592172622681,"50-75"
17.47765369,55.24932413,-5.05460119247437,"25-50"
19.07765369,55.84932413,-6.12671375274658,"0-25"
19.17765369,55.94932413,-6.07256174087524,"0-25"
17.77765369,55.84932413,-3.81985425949097,"50-75"
16.07765369,54.94932413,-6.53244304656982,"0-25"
18.97765369,55.84932413,-6.23210573196411,"0-25"
10.87765369,57.54932413,-6.83491611480713,"0-25"
18.97765369,56.44932413,-4.97210741043091,"25-50"
18.67765369,55.84932413,-4.07425498962402,"50-75"
19.07765369,56.14932413,-6.62655258178711,"0-25"
15.87765369,54.84932413,-6.26897811889648,"0-25"
17.57765369,55.24932413,-5.29364347457886,"25-50"
17.37765369,55.24932413,-5.44020509719849,"0-25"
18.57765369,56.04932413,-6.71271657943726,"0-25"
16.07765369,55.64932413,-8.51976680755615,"0-25"
18.97765369,56.34932413,-4.49511384963989,"25-50"
18.87765369,55.84932413,-3.91327238082886,"50-75"
12.47765369,56.34932413,-4.0271201133728,"50-75"
15.97765369,55.64932413,-8.7101411819458,"0-25"
19.07765369,54.54932413,-5.10626268386841,"25-50"
18.77765369,55.84932413,-4.00495910644531,"50-75"
19.07765369,55.94932413,-6.14091491699219,"0-25"
19.07765369,56.04932413,-6.36231231689453,"0-25"
19.47765369,54.54932413,-4.43829822540283,"25-50"
15.77765369,54.74932413,-4.45574235916138,"25-50"
18.87765369,56.44932413,-4.61613273620605,"25-50"
17.87765369,56.04932413,-3.46878671646118,"50-75"
11.57765369,54.24932413,-7.13063383102417,"0-25"
19.37765369,54.64932413,-5.00096797943115,"25-50"
18.67765369,55.94932413,-6.44468402862549,"0-25"
12.37765369,56.14932413,-5.40786457061768,"0-25"
18.97765369,55.94932413,-6.34948396682739,"0-25"
18.97765369,56.14932413,-6.65520286560059,"0-25"
18.87765369,56.34932413,-4.50821733474731,"25-50"
18.97765369,56.04932413,-6.35988330841064,"0-25"
12.47765369,56.24932413,-4.3353796005249,"25-50"
18.77765369,55.94932413,-6.35730075836182,"0-25"
18.87765369,55.94932413,-6.26898336410522,"0-25"
18.87765369,56.24932413,-6.35787057876587,"0-25"
18.67765369,56.04932413,-6.34955978393555,"0-25"
18.57765369,56.14932413,-4.45867443084717,"25-50"
16.17765369,55.74932413,-3.69008207321167,"50-75"
18.87765369,56.04932413,-6.42722082138062,"0-25"
15.07765369,54.64932413,-4.92633247375488,"25-50"
17.77765369,55.94932413,-3.83640074729919,"50-75"
17.77765369,56.04932413,-3.68865776062012,"50-75"
17.87765369,55.94932413,-3.83693075180054,"50-75"
12.77765369,55.84932413,-4.91282796859741,"25-50"
19.27765369,54.74932413,-5.05464696884155,"25-50"
10.97765369,57.54932413,-7.1773476600647,"0-25"
10.97765369,57.44932413,-3.61240792274475,"50-75"
18.77765369,56.04932413,-6.32119846343994,"0-25"
19.47765369,54.44932413,-3.84403586387634,"50-75"
19.27765369,54.64932413,-6.18045234680176,"0-25"
13.27765369,55.14932413,-5.84628438949585,"0-25"
18.77765369,56.24932413,-6.63113307952881,"0-25"
18.77765369,56.14932413,-6.40293645858765,"0-25"
18.67765369,56.14932413,-4.2436408996582,"50-75"
18.77765369,56.34932413,-4.85642385482788,"25-50"
19.17765369,54.44932413,-4.98813676834106,"25-50"
16.07765369,55.74932413,-3.71571063995361,"50-75"
18.67765369,56.24932413,-4.43610811233521,"25-50"
19.07765369,54.44932413,-5.4289870262146,"0-25"
12.77765369,55.74932413,-3.55396580696106,"50-75"
19.27765369,54.54932413,-7.0236930847168,"0-25"
12.97765369,55.64932413,-3.52384042739868,"50-75"
16.67765369,56.14932413,-5.48918390274048,"0-25"
12.87765369,55.74932413,-4.56125926971436,"25-50"
16.57765369,56.04932413,-4.44387483596802,"25-50"
19.27765369,54.44932413,-6.12364149093628,"0-25"
